1,Darleen Robiot,Female,5/7/1977
2,Berke Robertsson,Male,2/21/1980
3,Emelda Fusco,Female,4/22/1991
4,Brander Koschke,Male,5/15/1978
5,Zaria Noot,Female,1/26/1980
6,Weber Leake,Male,11/1/1969
7,Steward Boole,Male,6/7/1983
8,Lesley D'Hooghe,Female,7/22/1967
9,Carleton Bampford,Male,11/15/1985
10,Sigvard De Winton,Male,2/22/1987
11,Shirline Ayer,Female,6/5/1984
12,Julita Gherardi,Female,4/1/1988
13,Creighton Rolfini,Male,4/11/1982
14,Kathi Shreeves,Female,5/2/1990
15,Paulita Rickets,Female,2/3/1972
16,Violante Millson,Female,12/29/1965
17,Minta Jirasek,Female,4/6/1987
18,Hermione Grumbridge,Female,6/17/1983
19,Garreth Hobell,Male,5/25/1983
20,Josie Stansell,Female,9/10/1971
21,Casie McGebenay,Female,4/17/1978
22,Courtney Cuell,Female,3/14/1973
23,Rube Fermin,Male,12/31/1971
24,Mercedes Sturdy,Female,12/26/1989
25,Talya Gianuzzi,Female,10/30/1967
26,Philip Parfett,Male,3/29/1978
27,Burty Kerrod,Male,7/12/1979
28,Marilin Blunsden,Female,1/4/1983
29,Jilly Pople,Female,4/15/1986
30,Terry Duff,Female,4/6/1989
31,Raddy Gyorffy,Male,10/27/1991
32,Carmita Pinnere,Female,8/3/1978
33,Deonne Fillery,Female,12/13/1976
34,Tobit Walklot,Male,8/25/1966
35,Ignazio Joscelin,Male,3/14/1976
36,Dorry Melendez,Female,12/7/1980
37,Tomas Gierek,Male,12/17/1991
38,Claire Capell,Female,11/29/1984
39,Laina Houldin,Female,8/8/1987
40,Anastassia Kimmons,Female,3/17/1982
41,Ann-marie Adan,Female,5/24/1975
42,Evvy Quinton,Female,1/20/1986
43,Giff Frankling,Male,10/11/1967
44,Lucille Voden,Female,3/25/1969
45,Prinz Darington,Male,11/21/1989
46,Deeanne Moggle,Female,10/17/1979
47,Jesselyn Lytlle,Female,1/28/1976
48,Brennan Clapshaw,Male,4/7/1969
49,Aron Shovelin,Male,4/26/1970
50,Josias Bosomworth,Male,7/3/1974
51,Salim Skentelbery,Male,1/7/1972
52,Dorena Dawid,Female,12/10/1988
53,Lulita Viscovi,Female,11/4/1971
54,Shaine Yakubovics,Male,6/5/1969
55,Marianna Torry,Female,5/31/1991
56,Gwenneth Ife,Female,10/5/1991
57,Ellissa Veldman,Female,12/31/1973
58,Lettie Andrioletti,Female,8/21/1967
59,Job Diamond,Male,5/21/1974
60,Bertha Ossenna,Female,5/16/1970
61,Boycey Chamberlaine,Male,5/23/1970
62,Martyn Gladwell,Male,8/20/1972
63,Kizzie Leckey,Female,7/14/1991
64,Sisile Draper,Female,1/5/1978
65,Donnajean Bedlington,Female,6/19/1984
66,Myrilla Andrys,Female,1/7/1967
67,Nealon Goodlett,Male,12/21/1988
68,Opalina Benzing,Female,6/16/1991
69,Vergil Crang,Male,12/11/1970
70,Ally Gaitley,Female,12/27/1989
71,Lynn Kemmer,Female,12/2/1971
72,Augie Pollastrino,Male,9/6/1972
73,Natalya Janssens,Female,9/16/1980
74,Dallas Sweetnam,Female,8/11/1990
75,Lavinia McChesney,Female,12/1/1971
76,Miguel Dayes,Male,7/23/1974
77,Gradey De Normanville,Male,9/29/1975
78,Marshal Gladbach,Male,3/13/1981
79,Ophelie Rockall,Female,7/20/1972
80,Arron Cranstoun,Male,10/10/1983
81,Rudolf Harlow,Male,9/25/1987
82,Anissa Wilcox,Female,1/10/1968
83,Godfrey Duckerin,Male,3/25/1973
84,Reinhard Lamputt,Male,9/24/1969
85,Mellisent Rowcastle,Female,4/7/1973
86,Sanderson Dumper,Male,7/25/1986
87,Kakalina Milverton,Female,10/26/1975
88,Thaddus Corness,Male,5/26/1968
89,Holt Mundford,Male,11/24/1980
90,Maurita Kentwell,Female,9/13/1975
91,Aaren Ludman,Female,6/15/1991
92,Urbain Judd,Male,1/8/1985
93,Marylinda Hanstock,Female,8/13/1991
94,Roxi Ellson,Female,11/27/1990
95,Vonnie Trenfield,Female,10/18/1966
96,Fergus Corless,Male,2/9/1985
97,Tuckie Scowcroft,Male,5/13/1982
98,Northrup Roddell,Male,9/18/1989
99,Cornelia Jeannequin,Female,5/8/1970
100,Findlay Stileman,Male,6/9/1984
101,Clemmy Emerton,Male,6/3/1984
102,Winne Sacchetti,Female,11/6/1975
103,Hermina Culverhouse,Female,9/4/1966
104,Alastair Johansen,Male,11/3/1990
105,Susi Vaisey,Female,1/18/1982
106,Mord Fishe,Male,6/6/1966
107,Pacorro Willas,Male,8/23/1974
108,Katrina Gerran,Female,2/11/1975
109,Alica Murtimer,Female,3/26/1975
110,Mort Musker,Male,7/8/1978
111,Hugibert Kenlin,Male,8/31/1979
112,Ximenes Dockery,Male,3/4/1978
113,Stephanus Enevoldsen,Male,5/14/1974
114,Symon Jozefczak,Male,7/18/1972
115,Robers Sibery,Male,12/10/1974
116,Michel Caulcott,Male,10/26/1983
117,Amabel Jaynes,Female,11/19/1969
118,Russ Gething,Male,2/25/1982
119,Mufinella Gerant,Female,9/2/1982
120,Kent Moorhouse,Male,10/25/1977
121,Frasco Stiegars,Male,3/28/1988
122,Grove Trobe,Male,6/9/1976
123,Gerrie Toretta,Female,7/7/1985
124,Geoff Beamiss,Male,7/27/1968
125,Oneida Beckhurst,Female,3/27/1965
126,Rodrigo Trounson,Male,2/22/1992
127,Tulley Sharrocks,Male,11/8/1982
128,Manon MacDonald,Female,10/29/1982
129,Daron Bestiman,Male,8/22/1986
130,Austina Paxeford,Female,9/25/1965
131,Janith Fawdery,Female,5/11/1976
132,Peyter Sheldon,Male,10/16/1975
133,Nichol Plimmer,Female,3/12/1977
134,Pincas Robelow,Male,9/12/1989
135,Budd Robert,Male,11/22/1991
136,Martainn O'Hickey,Male,8/6/1974
137,Noach Greedyer,Male,4/2/1969
138,Tawsha Highman,Female,11/23/1969
139,Jens Matushevich,Male,11/27/1972
140,Reuben Cork,Male,5/8/1968
141,Engelbert Large,Male,5/6/1984
142,Cecilia Readmire,Female,7/10/1968
143,Merrill Twinn,Female,8/25/1980
144,Nicholle Dorbon,Female,2/12/1968
145,Allard Leishman,Male,3/3/1990
146,Erinn Heber,Female,4/12/1984
147,Bertine Stoffersen,Female,1/22/1973
148,Deloris Dellow,Female,1/31/1976
149,Alla Lucks,Female,7/15/1970
150,Connie Rapi,Female,1/7/1976
151,Dorrie Prettyman,Female,8/21/1991
152,Sara Geddis,Female,10/25/1976
153,Kingsley Southan,Male,6/30/1981
154,Dennison Daybell,Male,10/5/1966
155,Padgett Ferri,Male,1/12/1980
156,Conrad Nickerson,Male,11/3/1973
157,Xenos Krugmann,Male,8/1/1980
158,Bliss Colleford,Female,12/21/1982
159,Norbert Ince,Male,5/7/1987
160,Kerk Rivett,Male,3/18/1966
161,Violante Franks,Female,7/16/1980
162,Fenelia Planque,Female,3/1/1984
163,Ware Moorfield,Male,1/29/1971
164,Pinchas Loseby,Male,7/31/1971
165,Steward Normadell,Male,6/25/1982
166,Bennie Kelby,Male,9/2/1969
167,Elnar Schlagtmans,Male,11/8/1979
168,Claudian Veldman,Male,9/22/1985
169,Willy Ioselev,Female,4/22/1966
170,Rubie Erley,Female,2/4/1984
171,Claudina Guisot,Female,2/10/1985
172,Tracy Meardon,Female,4/15/1989
173,Clarance Simeon,Male,2/16/1986
174,Brynne Van der Merwe,Female,3/3/1992
175,Leeann Fouch,Female,1/14/1981
176,Blake Medway,Male,3/1/1976
177,Ginny Rosebotham,Female,9/30/1975
178,Barbette Paulon,Female,12/18/1969
179,Andromache Scrivener,Female,7/7/1984
180,Kelwin Berrygun,Male,6/27/1974
181,Marge Yashaev,Female,6/24/1975
182,Rebe Gate,Female,6/25/1975
183,Simmonds Heino,Male,9/29/1980
184,Arabelle Durram,Female,10/14/1968
185,Amabel Diggin,Female,8/6/1973
186,Nealson McGlew,Male,9/27/1987
187,Valentino Beckitt,Male,11/9/1983
188,Marne Shasnan,Female,4/15/1979
189,Minnnie Hedden,Female,7/31/1984
190,Ebenezer Wallbutton,Male,7/10/1968
191,Rosemaria Raubheim,Female,12/28/1981
192,Jonas Dennert,Male,5/19/1966
193,Brunhilda Beeres,Female,9/7/1975
194,Mikel Ragdale,Male,9/26/1983
195,Pepi Stading,Female,11/28/1976
196,Neill Matteacci,Male,4/14/1971
197,Aksel Roma,Male,9/23/1984
198,Annabela Crickmer,Female,2/6/1972
199,Colline Stewartson,Female,3/31/1983
200,Lynett Kinkead,Female,8/13/1974
201,Marisa Cayle,Female,7/11/1966
202,Olia Jenkins,Female,8/21/1978
203,Morie Benedetti,Male,6/14/1987
204,Maia Ratter,Female,3/15/1985
205,Vera Giottini,Female,11/27/1971
206,Randall Wavish,Male,9/26/1969
207,Hedwiga Kless,Female,11/20/1969
208,Delila Londing,Female,4/16/1970
209,Christabella Rotlauf,Female,11/13/1988
210,Zerk Lowles,Male,7/15/1981
211,Haley Standbrook,Male,8/30/1989
212,Arlen Vanichkin,Female,4/6/1979
213,Ricardo Roddie,Male,4/21/1975
214,Cyndy Mollitt,Female,6/16/1981
215,Marcellina Bryant,Female,7/28/1977
216,Ronica Kilcoyne,Female,4/11/1983
217,Donelle Worcs,Female,5/22/1984
218,Fred Rhydderch,Male,11/17/1989
219,Almeta Cowles,Female,2/19/1983
220,Ruthanne Spennock,Female,5/24/1965
221,Tripp Laven,Male,11/26/1967
222,Morgana Romeo,Female,7/17/1969
223,Roseline Vlach,Female,1/23/1988
224,Jacklin Sidwick,Female,10/30/1976
225,Morgan Willoughey,Male,12/13/1979
226,Caroljean Spyvye,Female,6/11/1978
227,Alisun Stonard,Female,6/1/1990
228,Lennard Gencke,Male,9/21/1968
229,Laureen Markovic,Female,12/30/1986
230,Rutledge Smethurst,Male,2/25/1970
231,Nikkie Bryceson,Female,7/14/1972
232,Sheila-kathryn Conyer,Female,5/20/1978
233,Preston Malitrott,Male,2/21/1968
234,Ebonee Enns,Female,10/20/1987
235,Colly Roncelli,Female,2/5/1977
236,Lark Pumphreys,Female,11/1/1989
237,Warner Breitler,Male,9/22/1976
238,Inigo Baford,Male,1/10/1981
239,Taber Marlen,Male,9/8/1968
240,Balduin Bardwell,Male,4/14/1989
241,Michale Glanester,Male,5/31/1970
242,Anestassia Heatlie,Female,6/4/1970
243,Elvina Neville,Female,10/13/1975
244,Ollie Spritt,Male,2/20/1967
245,Mala Rau,Female,7/9/1974
246,De witt Frounks,Male,12/2/1965
247,Mario Bowdery,Male,9/8/1991
248,Brianna Arington,Female,9/25/1988
249,Kristina Moulding,Female,12/11/1970
250,Grange Willshee,Male,8/19/1978
251,Carla Hughs,Female,4/21/1984
252,Kare Berthome,Female,12/12/1984
253,Maximilian Wickwarth,Male,6/10/1973
254,Mattie Wolledge,Male,4/22/1987
255,Ronny Kiera,Male,8/19/1975
256,Madge Coolbear,Female,3/25/1967
257,Babbette Huxham,Female,6/9/1970
258,Ricca Kubecka,Female,4/26/1991
259,Emylee Veevers,Female,6/30/1988
260,Shermie Smittoune,Male,10/21/1979
261,Howard Sindle,Male,8/19/1976
262,Gertruda Kunze,Female,1/22/1991
263,Micaela Burton,Female,6/1/1988
264,Daveta Mc Corley,Female,1/7/1973
265,Danya Farraway,Male,8/7/1976
266,Jacinta Kempston,Female,10/31/1991
267,Marcia Kilgrove,Female,9/25/1986
268,Marrilee Sleightholm,Female,7/24/1976
269,Guilbert Chitter,Male,10/16/1991
270,Quintus Streat,Male,5/27/1981
271,Waylan Ciobotaro,Male,12/20/1982
272,Jeremiah Alesin,Male,2/6/1986
273,Powell Stuttard,Male,7/25/1965
274,Thomasina Derham,Female,1/2/1975
275,Mario Snaddon,Male,12/23/1991
276,Cate Levet,Female,4/2/1971
277,Lane Goard,Female,11/17/1978
278,Gian Jarritt,Male,8/15/1976
279,Sherwood Fairbrace,Male,7/20/1968
280,Gwenore Cringle,Female,9/6/1988
281,Gustavo Pollicott,Male,10/16/1980
282,Brod Haggidon,Male,4/3/1967
283,Antony Luberti,Male,7/11/1966
284,Farra Rabbe,Female,5/10/1983
285,Bron Goalley,Male,12/6/1966
286,Robina Dodgshun,Female,5/27/1989
287,Marna Kevane,Female,12/21/1986
288,Skipp Iacovone,Male,1/5/1985
289,Trever O' Mahony,Male,12/27/1990
290,Jolie Klambt,Female,9/23/1977
291,Consolata Weippert,Female,7/5/1982
292,Gilbertine Melody,Female,12/25/1982
293,Sisely Pulham,Female,12/4/1967
294,Hermie Pablos,Male,10/12/1987
295,Arabela Faucherand,Female,3/10/1980
296,Odelia Dreschler,Female,7/1/1988
297,Cherri Thoumas,Female,3/14/1967
298,Quinta Poschel,Female,9/28/1972
299,Elane Merrick,Female,5/17/1989
300,Mattheus Rudgley,Male,6/23/1965
301,Oralla Olner,Female,7/19/1971
302,Madel Haston,Female,11/2/1979
303,Farly Leveret,Male,1/4/1986
304,Rebbecca Tibbits,Female,2/20/1975
305,Leonore Yule,Female,6/14/1974
306,Cal Hegel,Male,4/21/1976
307,Geoffry Purdy,Male,1/24/1984
308,Yancy Menichino,Male,1/21/1976
309,Falkner Sheahan,Male,7/17/1976
310,Eleonora Muddiman,Female,6/21/1972
311,Phylis Goman,Female,3/23/1978
312,Pepillo Andreasen,Male,2/24/1972
313,Bettine Bowmer,Female,12/17/1974
314,Josselyn Pegler,Female,11/19/1980
315,Marjorie Kitchener,Female,8/2/1979
316,Liza Cottier,Female,11/8/1980
317,Norrie Leser,Female,2/24/1986
318,Hermy Dimitriev,Male,9/6/1984
319,Ber McNair,Male,6/5/1980
320,Hyacinthe Diment,Female,11/14/1975
321,Barney Horney,Male,7/7/1965
322,Westley Scurfield,Male,11/3/1965
323,Kelcey Bleakley,Female,4/17/1988
324,Dagmar Castagne,Female,5/31/1984
325,Dean Gush,Male,2/5/1968
326,Tildie Dutch,Female,3/12/1980
327,Logan Joron,Male,9/28/1983
328,Broderic Rolfe,Male,12/17/1974
329,Corissa Salvage,Female,7/31/1978
330,Crichton Medgwick,Male,5/10/1977
331,Kevina Hague,Female,3/21/1991
332,Willetta Fawke,Female,5/12/1971
333,Marchall Matteuzzi,Male,4/22/1965
334,Tab Tubby,Male,3/4/1975
335,Bengt Di Pietro,Male,7/15/1974
336,Francklyn Bratton,Male,9/17/1966
337,Alf Laxston,Male,12/20/1991
338,Agathe Robus,Female,10/16/1983
339,Brittni Kinder,Female,5/24/1991
340,Debor Loveland,Female,11/23/1989
341,Welbie Mattea,Male,8/16/1986
342,Kimberli Condon,Female,6/22/1967
343,Rhianon Aysik,Female,12/20/1970
344,Tab Barnhart,Male,1/19/1969
345,Dorise McGerr,Female,2/1/1968
346,Pavia Vickars,Female,1/22/1977
347,Culley Brizell,Male,1/20/1986
348,Dian Clemson,Female,9/18/1971
349,Marcile Ferrick,Female,7/5/1970
350,Janifer Waugh,Female,11/29/1974
351,Lou Defau,Male,8/1/1989
352,Editha Keyden,Female,12/15/1977
353,Bent Tomes,Male,1/2/1983
354,Brigitte Lorriman,Female,9/5/1967
355,Hyatt Antoniades,Male,7/2/1989
356,Erika Hedden,Female,5/18/1972
357,Hagen Haston,Male,11/23/1991
358,Eleanor Yielding,Female,12/4/1981
359,Holmes Patience,Male,8/18/1977
360,Britteny Guthrum,Female,2/21/1989
361,Sal Toghill,Male,7/30/1972
362,Lucinda Downing,Female,2/13/1968
363,Ellyn O'Doghesty,Female,11/16/1971
364,Jarvis Beer,Male,8/25/1981
365,Julie Carlon,Female,6/20/1974
366,Gare Petkovic,Male,2/3/1987
367,Griswold Gage,Male,12/24/1970
368,Burgess Kinlock,Male,10/20/1978
369,Lonna Dwelley,Female,10/27/1988
370,Ilyssa Pink,Female,11/29/1967
371,Priscella McNickle,Female,3/17/1976
372,Vin Juschka,Female,12/15/1974
373,Lin Cartmel,Female,6/25/1973
374,Ad Exon,Male,10/25/1974
375,Erick Castiglione,Male,12/18/1977
376,Zoe Beckhurst,Female,7/24/1969
377,Derick Dawbury,Male,6/27/1977
378,Caryl Gifford,Male,8/7/1988
379,Berrie Zack,Female,11/22/1974
380,Mead Brothwood,Male,8/27/1989
381,Bjorn Ducker,Male,10/24/1989
382,Thadeus Hullyer,Male,2/17/1974
383,Valry Pietasch,Female,6/14/1989
384,Garrott Monson,Male,2/6/1967
385,Claretta Wigfield,Female,11/10/1979
386,Anjela Jepson,Female,8/16/1977
387,Fenelia Noddles,Female,8/7/1990
388,Leodora Stopper,Female,10/18/1974
389,Carilyn Mandrier,Female,11/28/1970
390,Allard Chaffyn,Male,11/29/1969
391,Emlynne Engelbrecht,Female,7/11/1972
392,Myranda Scruby,Female,7/2/1979
393,Charita Kenny,Female,5/12/1970
394,Jock Slimon,Male,2/14/1988
395,Lisa Chern,Female,1/10/1966
396,Isiahi Trillo,Male,11/12/1981
397,Darnall Rosling,Male,11/16/1988
398,Justina Witherdon,Female,8/30/1989
399,Helenka Rudge,Female,7/30/1986
400,Ginevra Waywell,Female,3/8/1973
401,Antonia Grint,Female,5/23/1986
402,Silvio D'Oyley,Male,1/26/1981
403,Nessie Zorn,Female,1/30/1988
404,Laney Jarad,Male,5/29/1977
405,Myron Sine,Male,10/2/1973
406,Darci MacBean,Female,5/10/1978
407,Nataline Beyne,Female,4/14/1968
408,Correna Hopkynson,Female,8/23/1967
409,Constancia Howman,Female,11/9/1977
410,Darice Galpen,Female,12/16/1977
411,Neill Flicker,Male,10/17/1990
412,Christoforo Bowton,Male,6/13/1981
413,Althea Prisk,Female,7/9/1991
414,Tiebold Poppleton,Male,2/6/1982
415,Kore Gelland,Female,11/13/1991
416,Sayre Boake,Male,3/20/1968
417,Corrie Eudall,Female,8/10/1985
418,Morgana Falvey,Female,1/2/1974
419,Zilvia Rustman,Female,4/12/1982
420,Nil Sheehan,Male,6/1/1985
421,Lotte Ollander,Female,8/24/1976
422,Victoir Jacobowitz,Male,11/30/1988
423,Martie McConnachie,Male,1/29/1985
424,Benjy Cristofanini,Male,3/30/1977
425,Titus Baudain,Male,11/30/1976
426,Giraud Saylor,Male,9/18/1984
427,Drusilla Fri,Female,5/5/1980
428,Carena Vogeller,Female,3/25/1972
429,Jasmine Valente,Female,11/27/1968
430,Abey Maggiori,Male,7/9/1971
431,Salomon Gregol,Male,5/29/1989
432,Ora Wagnerin,Female,4/12/1966
433,Rowan Karolczyk,Male,9/24/1985
434,Hynda Vynoll,Female,6/13/1984
435,Yank De Dei,Male,5/3/1976
436,Odie Denacamp,Male,5/1/1975
437,Dulci Bartoszek,Female,12/5/1968
438,Simeon McClements,Male,7/3/1981
439,Bjorn Cowdrey,Male,5/1/1991
440,Lorrie Bawden,Female,5/29/1976
441,Wendeline Darch,Female,12/20/1966
442,Husein Eagers,Male,12/30/1981
443,Arch Cutteridge,Male,2/26/1979
444,Mirna Gavin,Female,10/14/1982
445,Adina McNeillie,Female,4/6/1975
446,David Kirtland,Male,5/13/1976
447,Ernesto Rhyme,Male,12/19/1987
448,Clea Ginni,Female,12/7/1986
449,Fletch Chittem,Male,2/19/1983
450,Anatollo Moller,Male,12/11/1988
451,Louis Shimuk,Male,3/15/1987
452,Rogerio Tovey,Male,4/1/1972
453,Maura Brimilcome,Female,10/2/1970
454,Leupold Spradbery,Male,2/22/1975
455,Axel Leythley,Male,5/31/1983
456,Eugine Oleszkiewicz,Female,7/10/1973
457,Nicolais Smelley,Male,1/29/1981
458,Cecil Cud,Female,9/24/1986
459,Catlee Seaman,Female,1/1/1985
460,Neville Secker,Male,12/30/1988
461,Llywellyn Neeve,Male,3/25/1983
462,Rodolph Humble,Male,1/28/1967
463,Abbey Eyckelberg,Female,6/1/1965
464,Tildie Spall,Female,7/21/1985
465,Alexis Klimkov,Female,4/15/1968
466,Evvy Moriarty,Female,4/16/1990
467,Coleen Davidove,Female,3/27/1970
468,Dayna Maier,Female,7/5/1984
469,Norman Trueman,Male,6/17/1983
470,Sidoney Kiera,Female,12/5/1972
471,Lockwood O'Hollegan,Male,11/30/1968
472,Elihu Kingston,Male,10/3/1968
473,Beckie Philippe,Female,2/18/1970
474,Loralee Huetson,Female,8/14/1977
475,Geoff Lesek,Male,11/1/1988
476,Otho Tregear,Male,11/25/1989
477,Geoffrey Nizard,Male,11/17/1970
478,Syman Traite,Male,2/14/1972
479,Felicity Hebbes,Female,10/5/1991
480,Lowrance Keigher,Male,6/13/1969
481,Mercie Muneely,Female,11/25/1975
482,Nevins Emmines,Male,12/11/1982
483,Gael Verney,Male,6/7/1978
484,Gaultiero de Guise,Male,7/24/1972
485,Ingmar Drever,Male,6/26/1988
486,Siana Beaby,Female,4/26/1991
487,Grenville Crame,Male,6/22/1988
488,Calley Geater,Female,5/6/1988
489,Merry Langcaster,Female,1/8/1986
490,Aubrie Warn,Female,3/31/1990
491,Sileas Sanders,Female,6/6/1969
492,Vanda Weigh,Female,5/16/1966
493,Kelcie MacCaull,Female,6/6/1988
494,Remy Cammocke,Female,9/16/1982
495,Beverlee Sarjant,Female,6/17/1988
496,Leon Snassell,Male,12/14/1982
497,Essa Haugeh,Female,1/26/1987
498,Harp Yekel,Male,3/22/1977
499,Basia Hambleton,Female,6/20/1972
500,Grange Pawelke,Male,5/2/1979
501,Wildon Lindegard,Male,7/8/1983
502,Shayne Kimbly,Male,5/18/1965
503,Frederigo Gairdner,Male,4/28/1966
504,Ajay Guido,Female,11/9/1975
505,Elissa Jagiela,Female,7/24/1967
506,Carole Scranney,Female,5/11/1980
507,Jenine Yakolev,Female,10/6/1986
508,Poppy Garvey,Female,8/13/1980
509,Martguerita Nelm,Female,10/19/1971
510,Lindsay Ghiotto,Female,11/18/1974
511,Mayor McBay,Male,6/22/1981
512,Emanuele Caskie,Male,5/22/1985
513,Edgardo Climar,Male,3/24/1990
514,Gerhardine Lockier,Female,9/23/1987
515,Terrye Vowden,Female,7/24/1982
516,Orelee McOrkil,Female,8/7/1969
517,Clemence Doick,Female,1/8/1967
518,Gaby Franzini,Female,10/19/1973
519,Katrine MacMychem,Female,7/26/1980
520,Pincus Kreuzer,Male,8/17/1969
521,Broddy Hegg,Male,1/12/1985
522,Reynold Drewitt,Male,7/28/1991
523,Claudine Chimes,Female,12/1/1972
524,Fitz Ranshaw,Male,7/10/1976
525,Monte Lifsey,Male,5/11/1973
526,Lodovico Orrocks,Male,5/19/1989
527,Sullivan McCathy,Male,7/10/1988
528,Meredith McGinny,Male,12/7/1977
529,Cortie Dobble,Male,3/11/1990
530,Agnese Cockett,Female,12/9/1980
531,Jeddy Jermy,Male,3/7/1974
532,Zachery Kitcherside,Male,6/18/1980
533,Mariska Suermeier,Female,7/16/1984
534,Rosabelle Bims,Female,7/5/1981
535,Lowe Dunkley,Male,12/9/1991
536,Crin Allingham,Female,1/27/1986
537,Lay Jakolevitch,Male,3/4/1984
538,Kimball Treat,Male,5/15/1985
539,Luz Joseph,Female,8/16/1968
540,Mab Grayson,Female,2/24/1981
541,Dierdre Kobus,Female,2/27/1975
542,Birch Janse,Male,2/6/1981
543,Tanney Pirson,Male,5/12/1985
544,Shelby Vanini,Female,9/15/1965
545,Isabel Leddie,Female,10/25/1973
546,Elita Weond,Female,1/9/1983
547,Osmond Hastings,Male,1/31/1984
548,Kanya Andriveau,Female,8/13/1985
549,Keir Waycot,Male,8/10/1965
550,Sancho Ibotson,Male,9/4/1966
551,Pierrette Blind,Female,1/28/1974
552,Bathsheba Lammerich,Female,7/6/1978
553,Patty Pratten,Male,7/6/1991
554,Alejandrina Hanburry,Female,7/27/1975
555,Chrisy Chappelle,Male,7/31/1968
556,Damaris Faustian,Female,12/3/1983
557,Lefty Beamson,Male,5/13/1977
558,Cullen Laidlaw,Male,11/29/1976
559,Paxton Oven,Male,10/21/1988
560,Clywd Chatel,Male,11/30/1966
561,Giffer Ilyinski,Male,8/6/1975
562,Christophe Harlett,Male,9/19/1986
563,Normie Cescon,Male,6/10/1967
564,Roana Raynard,Female,7/14/1979
565,Isis Micklem,Female,9/23/1978
566,Kristofor Lote,Male,2/2/1966
567,Vanna Hanner,Female,1/14/1976
568,Opal Brash,Female,10/20/1974
569,Rochester Mundow,Male,4/8/1978
570,Gwenora O'Teague,Female,1/15/1985
571,Saul Merington,Male,6/29/1977
572,Wait Leggatt,Male,1/13/1988
573,Law Cordaroy,Male,5/25/1972
574,Ferdie Mcwhinnie,Male,3/2/1992
575,Rasia Linforth,Female,11/5/1987
576,Jenna Scimoni,Female,10/14/1968
577,Aubert Jimenez,Male,2/8/1983
578,Gaylord Larenson,Male,1/13/1971
579,Fannie Goreisr,Female,9/27/1986
580,Effie Millyard,Female,6/26/1971
581,Charla Losseljong,Female,6/16/1967
582,Essie Ruffell,Female,5/26/1976
583,Cristina Bolsover,Female,6/17/1986
584,Deirdre Alban,Female,1/7/1968
585,Veriee Cockrem,Female,1/7/1984
586,Charity Balfre,Female,8/28/1982
587,Berny Grave,Female,6/14/1966
588,Alfy Fullicks,Male,12/2/1991
589,Marybeth Mackelworth,Female,11/5/1988
590,Gardie Gunda,Male,12/31/1988
591,Nicolis Kenna,Male,7/10/1984
592,Sullivan Colley,Male,5/2/1968
593,Evangelin Dummer,Female,1/2/1971
594,Tyson Tarquini,Male,7/10/1968
595,Christye Kohrs,Female,2/17/1966
596,Clarey Illidge,Female,5/8/1966
597,Rachelle Bartoszewski,Female,7/18/1968
598,Zulema Dickens,Female,1/10/1968
599,Dietrich Muggach,Male,3/1/1991
600,Theobald Ruger,Male,12/5/1965
601,Rustie Beckwith,Male,1/31/1979
602,Cart Housbey,Male,10/18/1991
603,Lisbeth Blunn,Female,8/5/1983
604,Geraldine Kunzelmann,Female,1/1/1985
605,Camey Fleis,Male,11/29/1987
606,Keely Harling,Female,10/17/1969
607,Beckie Kilgallen,Female,6/4/1984
608,Noam Linne,Male,1/16/1966
609,Constantino Folan,Male,11/20/1973
610,Thadeus Cescot,Male,10/18/1983
611,Ellerey Mulvany,Male,11/22/1972
612,Tansy Brolly,Female,1/21/1989
613,Etta Colchett,Female,11/6/1991
614,Jaime Blaxeland,Female,4/18/1977
615,Bertina McAtamney,Female,12/4/1982
616,Kimbra Gaffey,Female,12/18/1991
617,Karel Swatheridge,Male,12/30/1983
618,Sheilah Bann,Female,11/4/1976
619,Aluin Snartt,Male,11/23/1982
620,Ximenez Sibthorp,Male,11/5/1972
621,Annetta Bothen,Female,12/18/1979
622,Liuka Ceschi,Female,3/4/1991
623,Wanids Fairley,Female,8/1/1983
624,Megen Swannick,Female,9/15/1965
625,Wilone Bonnefin,Female,7/7/1979
626,Eustacia Mepsted,Female,6/5/1985
627,Orbadiah McIlhatton,Male,1/17/1989
628,Alverta Davio,Female,10/19/1988
629,Rolland Sparrowhawk,Male,9/2/1979
630,Rollin Brokenshire,Male,7/22/1989
631,Eunice Goodreid,Female,7/25/1969
632,Lotty Mapson,Female,5/6/1982
633,Marion Plowes,Male,9/18/1979
634,Cariotta Milne,Female,5/29/1981
635,Adham Smithen,Male,9/16/1987
636,Jaymie Benardet,Male,3/13/1980
637,Herbert Antoniades,Male,10/28/1975
638,Nada Smeaton,Female,12/24/1975
639,Harriett Farndon,Female,8/22/1969
640,Josiah Driutti,Male,4/17/1978
641,Maximilien Eskrick,Male,10/9/1978
642,Torey Raynard,Male,4/9/1987
643,Mar Valeri,Male,5/24/1982
644,Willi Baughan,Male,9/16/1965
645,Milka Izakov,Female,12/9/1988
646,Duffy Shilstone,Male,1/10/1981
647,Worth Kilpin,Male,11/22/1989
648,Ketti Wiersma,Female,6/12/1967
649,Angelo Pinchon,Male,2/1/1973
650,Xymenes Wreight,Male,4/4/1981
651,Hulda Aggs,Female,3/15/1978
652,Olivero Dymidowicz,Male,8/20/1991
653,Egor Keirl,Male,6/8/1973
654,Steve Sarl,Male,12/29/1970
655,Hubey Yakunikov,Male,10/27/1977
656,Ailbert Coverdill,Male,7/21/1985
657,Guillemette Balderstone,Female,3/23/1985
658,Daryn Jelkes,Female,3/26/1982
659,Lorita O' Donohoe,Female,2/9/1991
660,Linzy Lindhe,Female,3/20/1966
661,Buddie Mulloch,Male,4/28/1979
662,Edwina Cready,Female,3/12/1992
663,Worthington Reder,Male,12/11/1974
664,Ailyn Ratcliff,Female,2/22/1981
665,Emmit Zanini,Male,7/28/1974
666,Linet Howick,Female,1/2/1983
667,Lynnelle Haskey,Female,3/11/1981
668,Sabrina Wishart,Female,6/2/1990
669,Rodolph Neylan,Male,9/29/1983
670,Normy Brecknock,Male,12/27/1965
671,Friedrick Lapslie,Male,9/4/1988
672,Lianne Adamo,Female,11/3/1971
673,Queenie Armsby,Female,8/19/1984
674,Haskell cornhill,Male,12/21/1969
675,Darci De Beauchemp,Female,6/10/1977
676,Elisabetta Valentino,Female,6/19/1969
677,Nevil Marnane,Male,7/6/1984
678,Ximenez Orwell,Male,11/30/1974
679,Devon Dulen,Female,2/23/1968
680,Virginie Markus,Female,9/28/1969
681,Wallis Tubb,Male,8/28/1969
682,Marcelline Briatt,Female,12/8/1975
683,Francis Gioan,Male,2/15/1989
684,Cullie Loveless,Male,11/20/1988
685,Shandy Foord,Female,5/13/1981
686,Torrance Battrum,Male,11/16/1979
687,Welby Pontefract,Male,2/18/1977
688,Cherianne Bineham,Female,6/30/1989
689,Clem Addicott,Female,8/7/1967
690,Sebastien Summerscales,Male,4/5/1983
691,Carlyn Tourville,Female,8/28/1986
692,Betsy Flowitt,Female,12/29/1970
693,Tabbie Groundwator,Female,7/11/1989
694,Avram Pringour,Male,6/5/1985
695,Jackqueline Elias,Female,4/8/1984
696,Austen Simpkiss,Male,2/5/1979
697,Udell Zollner,Male,6/28/1967
698,Verla Gozney,Female,5/29/1986
699,Baxie Philpott,Male,12/29/1976
700,Karisa Pude,Female,7/26/1971
701,Roxine Danilevich,Female,5/28/1977
702,Jarrod Drew,Male,6/2/1971
703,Jana Berkowitz,Female,12/19/1973
704,Ronnica Jaimez,Female,8/16/1982
705,Madalyn McCusker,Female,11/5/1980
706,Harland Twelvetree,Male,12/26/1978
707,Gannon Desborough,Male,12/19/1971
708,Gigi Ciubutaro,Female,7/15/1983
709,Halsy O'Kielt,Male,3/5/1971
710,Mona Du Plantier,Female,12/25/1987
711,Teodoro Beaconsall,Male,10/26/1980
712,Laurena Iacobucci,Female,7/27/1965
713,Cari Coneau,Female,11/14/1987
714,Robinetta Elliston,Female,8/14/1970
715,Rocky Firsby,Male,7/16/1975
716,Lauralee Chern,Female,8/5/1965
717,Anet Richmond,Female,6/22/1966
718,Abby Culter,Male,3/23/1972
719,Lorri Pittwood,Female,5/19/1991
720,Westbrooke Tweedell,Male,5/29/1989
721,Hester Arenson,Female,3/31/1990
722,Gonzalo Sonnenschein,Male,10/31/1977
723,Broderic Hagston,Male,6/30/1968
724,Kaye Fields,Female,5/24/1972
725,Sharai Niece,Female,8/4/1973
726,Mallory Clapson,Female,7/17/1969
727,Hadleigh Rudkin,Male,5/16/1965
728,Hamnet Brabin,Male,11/15/1976
729,Alain Abramowitz,Male,4/22/1990
730,Maggi Clyne,Female,7/16/1985
731,Dianne Cregg,Female,4/2/1977
732,Ebenezer Janoch,Male,4/28/1987
733,Teddy Andreuzzi,Male,6/15/1978
734,Julius Dearlove,Male,2/22/1976
735,Violante Kibbye,Female,7/7/1987
736,Hugh Horley,Male,1/8/1991
737,Tana Pietraszek,Female,3/6/1967
738,Silvain Vigus,Male,7/16/1989
739,Reggis Royden,Male,5/11/1977
740,Genia Potkin,Female,4/19/1985
741,Thaddus Venour,Male,2/20/1969
742,Haley Holstein,Female,9/13/1981
743,Brannon Payne,Male,8/12/1983
744,Lyell Strass,Male,9/8/1966
745,Owen Thompson,Male,9/3/1988
746,Nonna MacCarrane,Female,5/14/1983
747,Nat Symcoxe,Male,11/20/1974
748,Lanni Giraudeau,Female,10/7/1983
749,Alvina Tante,Female,7/18/1988
750,Kaitlynn Cunrado,Female,11/3/1988
751,Trenton Tuck,Male,11/5/1974
752,Jill Tootell,Female,4/10/1990
753,Gabbi Beesley,Female,7/28/1982
754,Hi Whittuck,Male,10/9/1987
755,Torre Couling,Male,9/14/1971
756,Sibel Garralts,Female,3/26/1987
757,Rudd McWilliam,Male,4/23/1989
758,Brooke Longmore,Male,6/14/1970
759,Silva Coakley,Female,9/24/1982
760,Lyda Boot,Female,1/22/1974
761,Broderic Myall,Male,3/9/1974
762,Giordano Chesswas,Male,5/4/1976
763,Nadia Meininger,Female,5/25/1980
764,Joli Halstead,Female,11/29/1982
765,Alisander Westoll,Male,1/14/1984
766,Cointon Golden of Ireland,Male,8/15/1991
767,Paulina Glaum,Female,1/15/1979
768,Sharlene Kristoffersen,Female,4/28/1976
769,Krisha Kamall,Male,9/2/1966
770,Fabe Gladstone,Male,6/8/1987
771,Virgie Deverale,Female,6/1/1990
772,Willetta Swetenham,Female,3/28/1968
773,Tan Warrillow,Male,11/28/1990
774,Knox Tabourel,Male,5/15/1983
775,Ruby Preto,Female,9/5/1977
776,Franny Foulks,Female,12/26/1971
777,Farand McMickan,Female,9/19/1971
778,Casper Syrad,Male,6/15/1975
779,Thaddus Minett,Male,1/25/1979
780,Kimberlyn Gask,Female,4/27/1967
781,Kennith Dobbing,Male,4/9/1967
782,Joelie Kittles,Female,6/6/1968
783,Merwin Tschersich,Male,1/24/1991
784,Adriane Sabey,Female,2/1/1980
785,Les Edinboro,Male,10/14/1982
786,Abigail Bendik,Female,2/5/1972
787,Skelly Wilacot,Male,3/2/1974
788,Tann Cool,Male,3/10/1976
789,Christen Crummy,Female,7/6/1972
790,Clarabelle Seath,Female,3/7/1991
791,Regina O'Sharkey,Female,6/2/1988
792,Daisey McQuaker,Female,3/20/1974
793,Florri Tomik,Female,7/7/1984
794,Dorothea Grigsby,Female,3/25/1979
795,Abey Littlechild,Male,11/12/1983
796,Staffard Waltho,Male,12/31/1979
797,Klement Yvon,Male,11/4/1975
798,Heather Lune,Female,6/15/1974
799,Augusta Huntly,Female,7/13/1967
800,Franklin Plant,Male,5/19/1981
801,Claudianus Appleton,Male,2/28/1980
802,Nickolai Virr,Male,10/21/1980
803,Holmes Plackstone,Male,4/9/1980
804,Uriel Joinsey,Male,11/18/1972
805,Quintus Sellick,Male,7/29/1972
806,Uriel Barthelmes,Male,9/1/1974
807,Far Jochen,Male,6/20/1982
808,Rosco Dielhenn,Male,5/20/1977
809,Amalie Groome,Female,3/5/1979
810,Heloise Youdell,Female,11/2/1975
811,Rex Bram,Male,2/16/1980
812,Helena Burg,Female,5/1/1980
813,Kelcie Prantl,Female,10/13/1983
814,Maggee Feak,Female,9/7/1967
815,Tomkin Perazzo,Male,6/24/1987
816,Georges Josephs,Male,3/1/1992
817,Gavan Klimshuk,Male,10/6/1981
818,Rosemaria Myton,Female,6/27/1989
819,Erina Crawforth,Female,8/21/1967
820,Claybourne Hedin,Male,9/6/1990
821,Aila Gentry,Female,2/28/1967
822,Kassia McDill,Female,3/27/1973
823,Butch Kaszper,Male,6/23/1974
824,Miles Whelan,Male,3/11/1967
825,Jeniffer Wennington,Female,12/23/1978
826,Corabel Ibbeson,Female,8/8/1982
827,Mickie Mahady,Male,5/29/1984
828,Marlon Clitsome,Male,5/3/1976
829,Selle Waterfall,Female,1/2/1987
830,Giffer Grimmer,Male,4/10/1971
831,Cayla Fleckney,Female,4/25/1966
832,Amberly Pimerick,Female,7/16/1970
833,Tonye Darnell,Female,9/26/1976
834,Tansy Ginnally,Female,12/25/1991
835,Etta Sleite,Female,4/27/1988
836,Sutherlan Hamflett,Male,1/24/1986
837,Pancho Richings,Male,11/22/1966
838,Edie Dohms,Female,12/19/1988
839,Zacherie Howe,Male,9/5/1985
840,Marlowe Campo,Male,3/22/1974
841,Gibby Haitlie,Male,3/8/1983
842,Madge Mumbeson,Female,3/31/1985
843,Hanson Leyman,Male,7/19/1990
844,Matelda Minguet,Female,6/13/1966
845,Susann De Malchar,Female,9/21/1982
846,Raimund Fairleigh,Male,11/30/1978
847,Eben Eite,Male,1/14/1990
848,Maisey Marchington,Female,5/1/1981
849,Joycelin Romagnosi,Female,6/12/1979
850,Joyous Ivens,Female,9/7/1981
851,Verge Avery,Male,11/17/1981
852,Tiphani Wofenden,Female,3/20/1967
853,Kennie Choudhury,Male,2/28/1982
854,Sarge Talton,Male,4/18/1978
855,Phillie Igounet,Female,8/23/1984
856,Onofredo Silbersak,Male,8/4/1972
857,Gerladina Scollick,Female,12/6/1968
858,Wash Blaze,Male,1/24/1980
859,Mahmoud Hunnaball,Male,4/15/1991
860,Trixie Aicken,Female,10/12/1968
861,Gweneth Poundsford,Female,12/4/1973
862,Remy Shillito,Female,11/3/1978
863,Lisabeth Paddefield,Female,5/4/1986
864,Nadya Rooper,Female,1/30/1990
865,Dulciana Tours,Female,12/13/1979
866,Ashley Littlepage,Male,4/4/1980
867,Adan Rees,Female,7/12/1987
868,Myrtia Niland,Female,5/31/1965
869,Averell Benedit,Male,8/8/1976
870,Meggie Zanetti,Female,4/22/1989
871,Sela Goulden,Female,4/26/1973
872,Sid Master,Male,12/12/1986
873,Austine Jansik,Female,5/16/1967
874,Tamqrah Blunsen,Female,11/1/1990
875,Caro Rowson,Female,6/3/1987
876,Victoir Ingley,Male,5/21/1989
877,Salim Smallacombe,Male,9/8/1977
878,Jami Gouge,Female,5/2/1980
879,Celestia Llewellen,Female,10/21/1973
880,Ellie Angove,Female,2/15/1984
881,Martynne Raw,Female,9/16/1989
882,Wolfgang McPhee,Male,10/4/1976
883,Nanine Jozsa,Female,5/24/1967
884,Nanice Haydney,Female,10/2/1966
885,Elly Bowdidge,Female,3/1/1986
886,Roobbie Fusedale,Female,3/30/1973
887,Dru Schumacher,Female,9/19/1988
888,Tommy Orhrt,Female,11/8/1967
889,Ravi Wyldbore,Male,8/23/1982
890,Hertha Blaber,Female,6/10/1980
891,Sashenka McCreedy,Female,1/1/1972
892,Stacee Carson,Female,6/24/1967
893,Arie Chicchetto,Male,3/17/1966
894,Gizela Dulwich,Female,5/12/1969
895,Aura Hartzogs,Female,8/26/1987
896,Lidia Refford,Female,3/9/1979
897,Fawnia Fowlie,Female,3/8/1989
898,Claudette Fern,Female,10/16/1983
899,Shoshana Ledner,Female,6/1/1971
900,Thadeus Leall,Male,10/30/1970
901,Fredericka Woollacott,Female,11/2/1971
902,Charlene Aseef,Female,5/18/1973
903,Dallis Sargeant,Male,3/21/1982
904,Odo Stollenhof,Male,7/11/1979
905,Bartholomew Arlet,Male,9/28/1990
906,Galven Godfroy,Male,9/7/1967
907,Leese Slocombe,Female,10/10/1969
908,Bertha Francisco,Female,10/29/1965
909,Barry Jinks,Male,9/24/1970
910,Marj Aslott,Female,2/27/1979
911,Mason Humerstone,Male,10/25/1965
912,Roch Martensen,Female,12/26/1983
913,Carolina McGrudder,Female,12/9/1970
914,Ellswerth Ewbanks,Male,10/3/1969
915,Kassie Fulger,Female,4/27/1977
916,Morgan Emblen,Male,7/1/1972
917,Sher Cantrill,Female,7/1/1965
918,Konstantine Collister,Male,9/26/1980
919,Goldarina Lorkins,Female,9/9/1976
920,Harlie Smeed,Female,7/6/1982
921,Nestor Callicott,Male,10/9/1966
922,Kerwinn Truesdale,Male,5/20/1984
923,Tabbitha Izatson,Female,12/21/1968
924,Kevyn Beeden,Female,6/29/1969
925,Shay Verduin,Female,1/1/1980
926,Lydia Baynom,Female,12/10/1987
927,Kacey Simmers,Female,12/25/1986
928,Christy Greatbank,Male,8/26/1985
929,Kirby Lascell,Male,3/31/1986
930,Bartie Stive,Male,3/17/1973
931,Kaiser Szepe,Male,1/1/1979
932,Karon Capes,Female,12/3/1982
933,Maurise Evreux,Male,2/24/1990
934,Torrin Menilove,Male,7/3/1978
935,Olly Christoffe,Male,10/23/1991
936,Francoise Lurriman,Female,6/13/1979
937,Erminie Grinikhinov,Female,3/30/1968
938,Stavros Nicklin,Male,8/15/1985
939,Allayne Macauley,Male,1/3/1974
940,Abbey Cockin,Male,8/9/1982
941,Elinor Ardling,Female,6/1/1966
942,Gaultiero Renwick,Male,8/12/1989
943,Marcie Garken,Female,10/4/1968
944,Alanson Cattle,Male,4/13/1983
945,Marsiella Teape,Female,1/27/1985
946,Sherlock Allridge,Male,3/30/1987
947,Pepe Triggs,Male,7/13/1972
948,Darci Pawels,Female,2/20/1978
949,Wade Alkins,Male,9/16/1974
950,Tomaso Martins,Male,11/22/1983
951,Georgianna Sollas,Female,7/24/1971
952,Dena Kiellor,Female,8/4/1984
953,Kellby Hebblewhite,Male,12/20/1991
954,Rodi Shearer,Female,8/17/1965
955,Walker Creasey,Male,2/19/1972
956,Janella Beall,Female,8/25/1980
957,Curcio Raine,Male,3/31/1980
958,Della Nation,Female,10/14/1987
959,Kevina Boyes,Female,3/9/1967
960,Barry Everington,Female,5/5/1973
961,Loren Basilone,Male,10/26/1984
962,Haywood Normanell,Male,5/29/1981
963,Esteban Ethridge,Male,9/4/1973
964,Abran Ivkovic,Male,3/5/1977
965,Pauli Abramovici,Female,12/21/1974
966,Zebulen Huyhton,Male,11/8/1977
967,Brandyn Petrishchev,Male,6/5/1990
968,Terri Akroyd,Female,6/11/1984
969,Nedda Wallice,Female,2/9/1990
970,Lavena Woollacott,Female,2/22/1989
971,Breena Fanthom,Female,8/2/1986
972,Whitby Canny,Male,2/17/1985
973,Carrol Blakeney,Male,7/8/1986
974,Jason O'Lennachain,Male,1/31/1967
975,Dunn MacEvilly,Male,10/11/1975
976,Melly Jacson,Female,10/31/1990
977,Riobard Llewelyn,Male,8/3/1988
978,Ginnie Booeln,Female,6/27/1985
979,Allis Glencros,Female,2/27/1968
980,Gill Baline,Female,3/24/1971
981,Gwenny Frawley,Female,4/24/1991
982,Hurleigh Stairmand,Male,10/21/1980
983,Erhart Mellodey,Male,10/15/1985
984,Hyacinthia Privost,Female,2/7/1977
985,Zoe Kimmins,Female,3/25/1985
986,Nicoline Champness,Female,3/27/1974
987,Camey Albisser,Male,10/31/1989
988,Thornie Inglese,Male,3/14/1987
989,Mead Vasiljevic,Male,6/19/1969
990,Terese Braidman,Female,12/6/1971
991,Griff Snook,Male,10/10/1977
992,Conan Sket,Male,10/9/1976
993,Clayton Tabord,Male,5/9/1972
994,Bibbie Ince,Female,10/13/1974
995,Gaspard Henrys,Male,8/17/1982
996,Jo-anne Havis,Female,3/18/1979
997,Ezequiel Hugnet,Male,11/20/1982
998,Claudius Scoines,Male,2/25/1991
999,Bryn Dunbavin,Male,6/21/1985
1000,Oby Chewter,Male,8/22/1967
1001,Ryon Asipenko,Male,4/20/1991
1002,Nancey Crame,Female,4/2/1976
1003,Erasmus Trigwell,Male,3/15/1971
1004,Marshal Jaggard,Male,4/30/1983
1005,Johnny Batram,Male,4/7/1967
1006,Gerda Dinsell,Female,4/21/1970
1007,Tulley Tindley,Male,11/10/1970
1008,Thea Grinin,Female,1/21/1972
1009,Morty Mourant,Male,12/31/1990
1010,Eugen O'Cuddie,Male,7/21/1991
1011,Murray Parker,Male,8/9/1983
1012,Correy Fensome,Male,7/1/1985
1013,Regen Klimentyev,Male,3/18/1979
1014,Giacomo Maides,Male,1/17/1976
1015,Sarina Batchelor,Female,12/10/1980
1016,Abdul Nanni,Male,11/11/1967
1017,Jakob Chrismas,Male,2/12/1987
1018,Amaleta Beaby,Female,8/2/1991
1019,Marvin Woolford,Male,4/25/1976
1020,Humfrid Southern,Male,8/6/1986
1021,Ram Moulden,Male,11/9/1965
1022,Almeda McGrill,Female,11/22/1965
1023,Pinchas Vernazza,Male,11/20/1979
1024,Cheslie Burchall,Female,10/3/1971
1025,Ernesta Curthoys,Female,6/17/1967
1026,Onfroi Rangeley,Male,6/22/1968
1027,Vincenty Edland,Male,3/8/1975
1028,Chanda Fishleigh,Female,11/21/1989
1029,Paco Banat,Male,3/30/1986
1030,Donnie Bartaletti,Male,1/11/1984
1031,Holly-anne Puncher,Female,1/8/1992
1032,Devan Mcmanaman,Female,12/20/1966
1033,Meggi Preshaw,Female,12/18/1990
1034,Hayyim Fehners,Male,12/21/1967
1035,Gideon Copsey,Male,11/20/1966
1036,Hurleigh Conneely,Male,1/23/1984
1037,Gregg Christiensen,Male,6/6/1981
1038,Jobi Forsdike,Female,7/2/1987
1039,Chauncey Gregoretti,Male,3/10/1975
1040,Fritz Alcide,Male,12/11/1985
1041,Dynah Songhurst,Female,10/6/1980
1042,Kaleb Debell,Male,3/18/1990
1043,Gabby Piel,Male,2/11/1991
1044,Kory Ealam,Male,3/25/1973
1045,Valle Glasebrook,Male,2/16/1968
1046,Rabbi Dunning,Male,4/27/1975
1047,Boothe Grog,Male,1/20/1971
1048,Oates Glandon,Male,12/9/1967
1049,Mortie Pocknell,Male,5/21/1980
1050,Had Towey,Male,4/28/1985
1051,Shamus Orta,Male,4/11/1980
1052,Nan Avieson,Female,6/1/1970
1053,Mollie Chawkley,Female,9/28/1988
1054,Tobit Dennes,Male,2/23/1986
1055,Vergil Bukac,Male,7/30/1966
1056,Shay Battell,Female,2/20/1984
1057,Marcie Leversha,Female,10/6/1989
1058,Paulo Pulbrook,Male,12/23/1974
1059,Davita Brobak,Female,7/30/1965
1060,Jon Barajaz,Male,12/20/1985
1061,Augustin Gudahy,Male,12/22/1979
1062,Langston Dunster,Male,6/19/1983
1063,Bliss Stopper,Female,11/7/1969
1064,Esta Ciccetti,Female,11/12/1989
1065,Dulcine Gosz,Female,4/14/1982
1066,Davide Ballintime,Male,1/11/1979
1067,Alla Sich,Female,7/9/1983
1068,Shaylah Moehler,Female,4/7/1972
1069,Brod Shakespear,Male,9/18/1966
1070,Gris Santon,Male,6/15/1985
1071,Arman Kluss,Male,12/8/1981
1072,Sallee Kingsnorth,Female,8/27/1972
1073,Brigit Wixey,Female,2/25/1986
1074,Sanson Roseby,Male,9/21/1970
1075,Rinaldo Hartright,Male,6/2/1966
1076,Frances Ilsley,Female,8/9/1976
1077,Claudia Brinklow,Female,4/29/1972
1078,Harp Barbara,Male,9/12/1985
1079,Esma Kall,Female,5/20/1979
1080,Drusi Garham,Female,7/23/1969
1081,Aurthur Gantlett,Male,8/23/1970
1082,Karrah Dicte,Female,9/3/1979
1083,Davidson Bickerstasse,Male,2/13/1983
1084,Norbie Warn,Male,7/20/1974
1085,Enoch Durkin,Male,5/19/1978
1086,Nonie Orht,Female,10/23/1980
1087,Bartholomew Leney,Male,12/21/1988
1088,Kellen Lyokhin,Male,2/8/1971
1089,Ephrem Blesdill,Male,4/14/1977
1090,Clementius Poile,Male,8/2/1977
1091,Trever Toms,Male,5/30/1967
1092,Josy Rumbellow,Female,3/5/1986
1093,Nonie Jecks,Female,10/3/1975
1094,Fredi Emberton,Female,6/1/1983
1095,Orazio Pool,Male,12/27/1991
1096,Moise Arington,Male,1/17/1986
1097,Justinian Randal,Male,6/16/1969
1098,Patrice Beazleigh,Female,12/21/1968
1099,Caleb Middell,Male,9/30/1985
1100,Hermione MacMurray,Female,5/13/1987
1101,Daphene Mussotti,Female,11/13/1983
1102,Sonni Guy,Female,9/25/1991
1103,Fidole Wolfenden,Male,3/9/1991
1104,Holly Pawfoot,Male,10/8/1977
1105,Sherline Boneham,Female,7/31/1986
1106,Mathew Beamont,Male,8/7/1966
1107,Norby Cory,Male,11/13/1983
1108,Anissa Tamsett,Female,10/25/1970
1109,Forrester Chsteney,Male,3/16/1982
1110,Gelya Kluger,Female,11/22/1979
1111,Rea Reuben,Female,10/19/1967
1112,Pammi Bigly,Female,5/21/1990
1113,Harlin Jiggle,Male,5/2/1990
1114,Douglas Ruggier,Male,6/19/1979
1115,Ronnie Burfitt,Female,9/29/1985
1116,Dolph Pascow,Male,8/22/1966
1117,Therese Satcher,Female,2/23/1971
1118,Ronni Botting,Female,8/28/1978
1119,Krista Gutowski,Female,12/24/1987
1120,Lura Weathey,Female,5/15/1983
1121,Rodolph Winman,Male,10/19/1979
1122,Janeczka Pury,Female,3/1/1988
1123,Moselle Natalie,Female,2/25/1974
1124,Dacy Able,Female,1/14/1992
1125,Carena Spon,Female,4/11/1990
1126,Rocky Von Oertzen,Male,9/26/1986
1127,Martin Gretham,Male,9/16/1973
1128,Siward Gannicott,Male,12/25/1976
1129,Winne MacCarlich,Female,7/19/1972
1130,Lola Blaes,Female,1/23/1983
1131,Aila Bradman,Female,10/21/1973
1132,Josefina Squier,Female,12/13/1984
1133,Fernande Aspinal,Female,1/29/1980
1134,Read Catmull,Male,6/8/1968
1135,Elva Hiland,Female,11/20/1991
1136,Mariquilla De Rechter,Female,8/25/1980
1137,Alfy Hegarty,Female,12/23/1974
1138,Kendricks Brettor,Male,1/3/1973
1139,Davon Pleavin,Male,9/28/1974
1140,Arnoldo Najara,Male,8/20/1967
1141,Elsinore Pestell,Female,2/16/1983
1142,Janey Bucklee,Female,9/6/1977
1143,Eleanore Courtier,Female,10/22/1984
1144,Rahal Ronaldson,Female,11/6/1991
1145,Salomi Critchley,Female,5/25/1973
1146,Stevana Wellbank,Female,3/30/1974
1147,Dolley Murty,Female,12/27/1991
1148,Guy Gantley,Male,7/25/1976
1149,Pierson Anderer,Male,11/5/1965
1150,Keenan Keming,Male,5/14/1988
1151,Aguistin Crown,Male,7/29/1972
1152,Sonnie Shopcott,Male,7/21/1976
1153,Bordy Torritti,Male,10/5/1980
1154,Arron Chattelaine,Male,10/30/1968
1155,Antonetta Fforde,Female,10/5/1971
1156,Clari Milmo,Female,8/12/1989
1157,Coretta Khalid,Female,2/4/1969
1158,Engracia Ottey,Female,6/24/1982
1159,Buddy Whittle,Male,6/14/1987
1160,Marquita Titterell,Female,4/15/1987
1161,Trix Burtenshaw,Female,6/15/1972
1162,Paloma Eddies,Female,12/1/1981
1163,Osbert Strover,Male,10/14/1981
1164,Barde Domonkos,Male,4/28/1991
1165,Lacey Wornum,Female,11/17/1971
1166,Thaddeus Risborough,Male,12/4/1989
1167,Graeme Station,Male,1/13/1978
1168,Ranice Foden,Female,4/3/1975
1169,Aldrich Le Fevre,Male,8/14/1980
1170,Francklyn McNeilly,Male,10/1/1973
1171,Rafferty Dufour,Male,1/20/1991
1172,Cordey Peace,Female,3/2/1975
1173,Emmi Petrovykh,Female,12/10/1991
1174,Stanley Poyser,Male,2/11/1969
1175,Lemmie Tappor,Male,9/17/1973
1176,Etienne Danielou,Male,10/2/1991
1177,Sax Belsey,Male,1/28/1967
1178,Enid Baltzar,Female,10/27/1976
1179,Britteny Hassey,Female,2/17/1968
1180,Tiffie Loxton,Female,2/23/1982
1181,Daune Crawford,Female,9/29/1985
1182,Agustin Yakovl,Male,11/12/1988
1183,Douglass Treffry,Male,11/30/1965
1184,Markos Coatsworth,Male,1/25/1972
1185,Demetria Keelinge,Female,6/11/1973
1186,Dalton Maudson,Male,4/7/1984
1187,Jacquelynn Lamport,Female,3/26/1970
1188,Callean Blamphin,Male,9/23/1981
1189,Falkner Quimby,Male,7/4/1967
1190,Eolande Sauvage,Female,6/8/1965
1191,Virgina Gain,Female,7/7/1970
1192,Leon Phython,Male,8/30/1969
1193,Carlee Houchen,Female,5/4/1974
1194,Timoteo Eates,Male,9/25/1991
1195,Delphinia Casley,Female,7/23/1974
1196,Blinny Blenkinship,Female,6/3/1983
1197,Nicoline Thor,Female,12/17/1985
1198,Gage Margeram,Male,5/8/1985
1199,Mar Sawer,Male,7/2/1990
1200,Sharity Purshouse,Female,5/5/1977
1201,Pearle Navarijo,Female,7/16/1971
1202,Bendick Dy,Male,10/17/1965
1203,Rowan Royston,Male,9/4/1988
1204,Eddie Keddy,Male,11/18/1990
1205,Tam Dundendale,Male,8/19/1975
1206,Stewart Hursey,Male,4/13/1974
1207,Karlik Alleway,Male,6/20/1970
1208,Frances Riolfo,Female,7/30/1965
1209,Adelina Stell,Female,10/9/1978
1210,Augustine Le Provest,Female,7/3/1985
1211,Marjy Grooby,Female,9/26/1976
1212,Letti Freezor,Female,11/15/1970
1213,Clim Ferrelli,Male,6/12/1980
1214,Nealson Fillingham,Male,5/15/1988
1215,Alano Priel,Male,9/25/1991
1216,Gaston McInility,Male,8/11/1977
1217,Maighdiln Gurton,Female,10/24/1979
1218,Thorndike Elcoat,Male,10/2/1970
1219,Neil Ragborne,Male,6/22/1985
1220,Leighton Kyberd,Male,8/30/1966
1221,Hurlee Shieldon,Male,10/24/1984
1222,Dela Duffree,Female,12/7/1980
1223,Emanuele Kornel,Male,6/16/1983
1224,Rafe Rubinfajn,Male,12/17/1984
1225,Heriberto Jaffrey,Male,7/30/1977
1226,Rawley Drinnan,Male,2/1/1989
1227,Floria Galero,Female,8/7/1967
1228,Kara-lynn Sparhawk,Female,2/27/1989
1229,Gail Forlong,Male,2/26/1980
1230,Zahara Logg,Female,8/3/1973
1231,Robin Claisse,Female,1/31/1985
1232,Wilden Dowles,Male,2/10/1967
1233,Melisent Drury,Female,9/24/1978
1234,Chane Millan,Male,3/15/1972
1235,Annmarie Croot,Female,8/4/1972
1236,Blithe Robbie,Female,5/14/1973
1237,Alonzo Lillo,Male,10/17/1972
1238,Barclay Cunnow,Male,8/29/1979
1239,Adela Pinckney,Female,2/14/1982
1240,Molli Broom,Female,8/29/1973
1241,Martguerita Gentile,Female,8/19/1990
1242,Van Barbera,Male,7/12/1972
1243,Melantha Digginson,Female,7/2/1966
1244,Layla Baversor,Female,11/7/1971
1245,Jillie Coupar,Female,11/17/1976
1246,Leodora Tadgell,Female,11/20/1974
1247,Harlin Spiers,Male,1/7/1982
1248,Rori Robarts,Female,5/5/1979
1249,Wilton Chalder,Male,11/30/1976
1250,Barrie Kennington,Female,8/19/1985
1251,Chickie Barrington,Male,3/4/1985
1252,Hamil Forri,Male,8/3/1981
1253,Amos Paddingdon,Male,3/7/1983
1254,Ewan Rhead,Male,10/2/1985
1255,Shelagh Zorro,Female,5/21/1980
1256,Leland Colledge,Male,6/26/1985
1257,Erika Barnes,Female,11/21/1979
1258,Jameson Taffurelli,Male,3/18/1967
1259,Suki Brum,Female,3/27/1981
1260,Brigida Lilleycrop,Female,10/9/1977
1261,Rafaelia Polle,Female,10/27/1990
1262,Betty Didball,Female,3/19/1976
1263,Sawyer Nickels,Male,3/25/1984
1264,Filia Witherop,Female,12/19/1973
1265,Brenn Kneller,Female,5/17/1981
1266,Retha Sollett,Female,2/17/1991
1267,Gianina Spellacy,Female,4/30/1966
1268,Caryl Haydock,Male,7/1/1981
1269,Neal Thomsen,Male,11/25/1987
1270,Markus Wadlow,Male,6/28/1981
1271,Bette-ann Beany,Female,5/11/1982
1272,Townsend McCaskill,Male,10/18/1991
1273,Gwendolyn Boam,Female,4/9/1978
1274,Fidole Dutnall,Male,10/8/1977
1275,Marcello Girardot,Male,7/5/1969
1276,Jeno Livoir,Male,7/16/1985
1277,Gigi MacCarrane,Female,10/26/1986
1278,Lorna Waiton,Female,9/22/1968
1279,Nanine Sparshott,Female,4/22/1989
1280,Avram Brumpton,Male,2/19/1992
1281,Dunc Lisle,Male,2/10/1991
1282,Trumann Bilfoot,Male,7/9/1966
1283,June Gunthorpe,Female,4/10/1979
1284,Zabrina Wilsone,Female,4/7/1974
1285,Guthrey Ruzek,Male,10/10/1990
1286,Madeline Eastop,Female,1/23/1971
1287,Justen Wheldon,Male,12/24/1983
1288,Jan Moutray Read,Male,1/31/1979
1289,Allys Northey,Female,10/31/1972
1290,Kaile Chrispin,Female,2/9/1986
1291,Gaylor Peteri,Male,2/13/1975
1292,Dietrich Bridgeland,Male,7/7/1985
1293,Jazmin Peeke,Female,8/15/1986
1294,Gardener Sibborn,Male,7/1/1976
1295,Addy MacDermid,Female,7/10/1970
1296,Mitchel Varnham,Male,11/1/1991
1297,Gisele Ferreo,Female,12/3/1982
1298,Cirstoforo Stickland,Male,12/30/1976
1299,Valentijn Mayfield,Male,11/2/1966
1300,Keary Cutmore,Male,1/30/1971
1301,Prinz Barriball,Male,8/11/1979
1302,Tully Lamport,Male,1/29/1971
1303,Moll Meese,Female,11/17/1975
1304,Marlena Seavers,Female,2/2/1980
1305,Vaclav Beahan,Male,3/14/1966
1306,Andros Gonnelly,Male,7/6/1984
1307,Francklyn Colquite,Male,2/25/1968
1308,Lyon Schroter,Male,11/23/1989
1309,Theodor Sorsby,Male,4/26/1987
1310,Edyth Eynaud,Female,12/6/1983
1311,Mozelle Wakeling,Female,6/2/1970
1312,Berton Hamer,Male,7/7/1991
1313,Burch Daniell,Male,2/2/1974
1314,Truman Amiss,Male,5/8/1965
1315,Putnem Rentz,Male,12/11/1983
1316,Jackie Euesden,Female,4/11/1975
1317,Pepito Livick,Male,5/19/1975
1318,Darren Cotter,Male,8/24/1975
1319,Arne Mellers,Male,10/19/1985
1320,Andreana Kitchenside,Female,11/26/1983
1321,Sallie Davidde,Female,3/23/1968
1322,Vin Rait,Male,6/4/1965
1323,Michel Mushett,Female,1/30/1990
1324,Faith Aguirrezabala,Female,3/21/1992
1325,Hamel Easterby,Male,11/1/1965
1326,Teddie Purcell,Male,8/16/1976
1327,Rusty Zuker,Male,10/22/1987
1328,Mill Ponceford,Male,7/31/1966
1329,Nevsa Schollar,Female,5/6/1990
1330,Rhetta Fairbank,Female,2/6/1980
1331,Thibaud Lougheid,Male,9/2/1966
1332,Renata MacPherson,Female,10/18/1967
1333,Alard Garric,Male,10/5/1991
1334,Brett Flemyng,Female,2/19/1977
1335,Jonis Wennam,Female,6/27/1985
1336,Nevins Matisse,Male,3/29/1980
1337,Myrwyn Geaveny,Male,5/4/1976
1338,Judi Lemanu,Female,12/20/1968
1339,Gaylord Morch,Male,6/15/1973
1340,Cordelie Jecks,Female,12/30/1987
1341,Gannie Chevis,Male,6/19/1978
1342,Cherrita McKeon,Female,3/14/1967
1343,Louise Stone Fewings,Female,10/12/1970
1344,Reinaldo Joint,Male,7/14/1966
1345,Sebastiano Olivas,Male,1/29/1978
1346,Colman Hearle,Male,10/21/1972
1347,Fleur Arrault,Female,10/31/1984
1348,Cheri Lindro,Female,8/14/1966
1349,Toddie Dracey,Male,12/4/1976
1350,Eve Brahmer,Female,12/15/1978
1351,Maritsa Hawkett,Female,1/13/1972
1352,Bria Pittman,Female,5/3/1984
1353,Renate Dast,Female,3/3/1986
1354,Valli Menilove,Female,1/12/1983
1355,Halie English,Female,6/12/1967
1356,Lisabeth Twigley,Female,4/19/1990
1357,Kathi Tiley,Female,1/29/1967
1358,Micheline Ungerer,Female,3/4/1977
1359,Bambi Bowkley,Female,7/27/1977
1360,Xaviera Ganning,Female,4/5/1974
1361,Nil Faier,Male,9/22/1974
1362,Sondra Brittoner,Female,7/12/1977
1363,Elaine Plant,Female,10/27/1966
1364,Shermie Goncaves,Male,9/16/1980
1365,Marlo Snowdon,Male,10/29/1985
1366,Isidro Sheal,Male,3/7/1986
1367,Rudy Verduin,Male,9/28/1972
1368,Betti Carrodus,Female,2/27/1976
1369,Taffy Torbett,Female,10/13/1969
1370,Milka Krzyzaniak,Female,7/17/1989
1371,Chance Hemphrey,Male,9/23/1984
1372,Phillida Donnachie,Female,3/11/1973
1373,Emmet O' Loughran,Male,8/19/1987
1374,Thorn Sherebrook,Male,9/5/1965
1375,Wilfred Elderkin,Male,3/17/1990
1376,Mattheus Gisbey,Male,3/23/1977
1377,Cicily McKinstry,Female,3/29/1985
1378,Linoel Donaway,Male,1/17/1988
1379,Lavena Yedy,Female,8/25/1975
1380,Mikael Ruffler,Male,6/28/1982
1381,Coletta Massen,Female,9/11/1984
1382,Elke Ness,Female,12/18/1974
1383,Armand Stealfox,Male,7/22/1983
1384,Maryanna Connochie,Female,3/17/1979
1385,Kermy Belshaw,Male,8/7/1967
1386,Bernardine Pigrome,Female,3/30/1966
1387,Artie Thow,Male,3/13/1980
1388,Nero Hadkins,Male,1/9/1992
1389,Munmro Pablo,Male,2/1/1978
1390,Barri Surguine,Male,5/22/1977
1391,Kennett Frowing,Male,9/6/1986
1392,Jacquelynn Hing,Female,9/21/1988
1393,Adolpho Baignard,Male,4/16/1976
1394,Kent Chantler,Male,8/13/1971
1395,Rustie Herity,Male,2/12/1987
1396,Birgit Fleis,Female,6/26/1973
1397,Alden Craney,Male,6/26/1966
1398,Bathsheba Frie,Female,6/24/1981
1399,Colleen Moores,Female,11/1/1975
1400,Ancell Ellacombe,Male,10/29/1982
1401,Kippy Kitching,Male,8/3/1980
1402,Bibbie Cordrey,Female,8/9/1971
1403,Teodoor Bucknill,Male,1/26/1968
1404,Cthrine Grishakov,Female,5/13/1967
1405,Marvin Yurukhin,Male,12/13/1981
1406,Jayson Monsey,Male,8/14/1972
1407,Kym Ville,Female,12/8/1979
1408,Latia Blowin,Female,1/29/1991
1409,Parsifal Siuda,Male,5/5/1988
1410,Kenon Minshaw,Male,6/12/1972
1411,Lancelot Yerborn,Male,12/7/1972
1412,Sheilah Malzard,Female,4/16/1970
1413,Dallas Dundendale,Male,7/25/1973
1414,Donalt Holcroft,Male,10/19/1985
1415,Cullin Dubery,Male,3/9/1988
1416,Horst Sperrett,Male,10/24/1972
1417,Mellisa Gohier,Female,10/18/1981
1418,Burtie Dannohl,Male,5/12/1989
1419,Meier Antczak,Male,4/27/1991
1420,Monah Gerretsen,Female,5/8/1965
1421,Lonnard Windley,Male,4/30/1990
1422,Chancey Crowe,Male,6/9/1987
1423,Ermin Gaye,Male,7/19/1973
1424,Allard Osgorby,Male,9/30/1979
1425,Dalis Vedikhov,Male,5/20/1983
1426,Lauritz Sore,Male,5/16/1966
1427,Anya Mulkerrins,Female,6/12/1974
1428,Gussy Ennals,Female,12/4/1967
1429,Lottie Petera,Female,8/4/1984
1430,Jilly Helder,Female,4/4/1969
1431,Audre Morillas,Female,4/1/1970
1432,Loise De Bernardis,Female,3/2/1987
1433,Nesta Stoneham,Female,5/14/1985
1434,Brantley McMillan,Male,7/2/1990
1435,Joycelin McCorry,Female,11/25/1984
1436,Nefen Filkin,Male,12/10/1990
1437,Anderson Stedell,Male,4/10/1983
1438,Clemente Sollowaye,Male,10/7/1984
1439,Michele Luetkemeyers,Female,9/8/1969
1440,Janey Guslon,Female,5/14/1984
1441,Gonzalo Bubear,Male,7/14/1974
1442,Fanechka Hoppner,Female,6/11/1990
1443,Aggy Catonnet,Female,2/19/1989
1444,Lavinie Camel,Female,9/12/1978
1445,Dunc Curran,Male,2/25/1979
1446,Stillmann Walkey,Male,9/7/1982
1447,Krystle Coulthard,Female,11/23/1985
1448,Rickie Dilkes,Male,7/6/1974
1449,Amitie Stoneley,Female,4/22/1982
1450,Constantia Scud,Female,4/16/1991
1451,See deKnevet,Male,12/3/1981
1452,Winnifred Botterill,Female,6/28/1988
1453,Tansy Crossthwaite,Female,6/24/1986
1454,Dill Temperton,Male,4/24/1982
1455,Tibold Spira,Male,7/24/1967
1456,Osbourne Bendare,Male,2/24/1968
1457,Randolf Duignan,Male,8/22/1966
1458,Shayne Ribbens,Female,1/30/1978
1459,Shoshana Hairs,Female,3/5/1967
1460,Tedda Robak,Female,6/10/1969
1461,Courtnay Allans,Male,12/1/1968
1462,Steffie Daborne,Female,2/27/1989
1463,Alena Gatland,Female,1/19/1969
1464,Jolie Cabera,Female,7/1/1973
1465,Trix Shevels,Female,10/5/1975
1466,Wallis Boot,Female,3/16/1985
1467,Logan de Clercq,Male,10/9/1991
1468,Desiree Duffill,Female,12/13/1984
1469,Cassandre Hassur,Female,11/3/1982
1470,Josefina Klaaasen,Female,8/28/1974
1471,Piggy Oloshkin,Male,7/2/1990
1472,Athene Kluss,Female,12/6/1985
1473,Alix Isley,Male,4/21/1977
1474,Lindy Bittany,Male,6/2/1976
1475,Elsinore Renachowski,Female,9/10/1973
1476,Viviana Pusill,Female,6/15/1967
1477,Konrad Frewer,Male,3/14/1980
1478,Bryce Dagleas,Male,1/19/1977
1479,Miran Blandamere,Female,7/15/1984
1480,Tiffani Neville,Female,8/22/1981
1481,Eleanore Skyrm,Female,10/17/1972
1482,Karine Stranio,Female,5/22/1983
1483,Quillan Narramor,Male,5/7/1990
1484,Galina Pettie,Female,1/19/1992
1485,Trixi Sailer,Female,12/20/1987
1486,Temp Beacham,Male,12/5/1967
1487,Linea Valerio,Female,4/7/1976
1488,Lyndsey Niccolls,Female,7/27/1980
1489,Aline Colbrun,Female,3/8/1966
1490,Lannie Dunphie,Male,11/12/1965
1491,Monique Eskrick,Female,1/26/1986
1492,Augusta Rastall,Female,4/4/1965
1493,Daloris Markwell,Female,8/11/1974
1494,Hollis Beston,Male,5/18/1986
1495,Shannan Sweetenham,Male,4/27/1968
1496,Kathi Houtbie,Female,8/25/1986
1497,Essy de Lloyd,Female,11/21/1986
1498,Townsend Devigne,Male,4/16/1966
1499,Lexine Ind,Female,3/28/1980
1500,Jeanine MacIlriach,Female,1/5/1988
1501,Dallas Vinnick,Female,3/28/1965
1502,Kipp Jahns,Female,2/15/1983
1503,Jacquelin Canada,Female,10/11/1975
1504,Dion Truder,Female,8/19/1969
1505,Sherline Folkerts,Female,7/29/1975
1506,Graeme Estcot,Male,2/27/1979
1507,Angus Galle,Male,5/4/1972
1508,Stacee Ledward,Male,12/4/1973
1509,Charil Hayer,Female,7/30/1981
1510,Armin Illem,Male,8/3/1971
1511,Lusa MacTavish,Female,12/12/1991
1512,Hailey Mcettrick,Male,8/18/1967
1513,Abbe Francello,Female,2/13/1981
1514,Wald Quenby,Male,6/6/1989
1515,Quinn Godmer,Male,1/28/1983
1516,Frank McAster,Female,4/26/1990
1517,Orella Oulner,Female,8/19/1974
1518,Nellie Heliet,Female,9/2/1970
1519,Robb Errett,Male,10/2/1987
1520,Sue Frusher,Female,5/15/1985
1521,Felike Mora,Male,1/14/1968
1522,Milli Espie,Female,12/13/1980
1523,Candida Iacomelli,Female,10/5/1989
1524,Emmie Rosenvasser,Female,4/19/1978
1525,Muhammad Alkin,Male,11/26/1974
1526,Nicolis Sancto,Male,9/24/1980
1527,Euell Maffiotti,Male,10/30/1965
1528,Monroe Redit,Male,10/6/1974
1529,Tedda Kunrad,Female,4/9/1988
1530,Binky Quest,Male,10/20/1980
1531,Sanson Strahan,Male,2/12/1980
1532,Felicdad Jandera,Female,2/26/1982
1533,Glory Drinkall,Female,12/15/1983
1534,Bride Chaston,Female,9/4/1989
1535,Yevette Pley,Female,11/26/1969
1536,Krystal Gratton,Female,7/30/1973
1537,Lilith Itzcak,Female,1/21/1987
1538,Felix Ellsom,Male,9/8/1982
1539,Bordy Kirckman,Male,3/12/1990
1540,Imelda Lingwood,Female,1/3/1973
1541,Sibby Creffeild,Female,11/22/1976
1542,Joyann Huot,Female,3/24/1970
1543,Jackson Tander,Male,7/7/1971
1544,Broddie Rennles,Male,10/29/1984
1545,Chelsey Gryglewski,Female,2/8/1989
1546,Konrad Dautry,Male,12/20/1986
1547,Christin Titterton,Female,8/7/1967
1548,Rich Owtram,Male,9/12/1981
1549,Bonnie Morecombe,Female,1/12/1980
1550,Menard Benbow,Male,1/13/1987
1551,Rubia Van Dale,Female,6/26/1970
1552,Avrom McCutcheon,Male,6/18/1991
1553,Padraic Viggars,Male,11/25/1980
1554,Enrichetta Digan,Female,3/29/1973
1555,Em Boseley,Male,7/28/1987
1556,Klarika Setchfield,Female,1/19/1977
1557,Zolly Kohtler,Male,10/16/1967
1558,Padraic Splevin,Male,5/10/1987
1559,Reginald Middlemiss,Male,1/18/1981
1560,Wallie Waberer,Male,8/22/1974
1561,Sile Meineken,Female,4/2/1990
1562,Wain Mazzilli,Male,11/5/1971
1563,Nannette Tidman,Female,1/23/1990
1564,Linnie Bouzek,Female,11/9/1986
1565,Chloette Roskilly,Female,3/5/1987
1566,Steffi Redihough,Female,2/28/1966
1567,Jolee Flockhart,Female,2/13/1985
1568,Hillier Andree,Male,5/8/1989
1569,Antonin Pickton,Male,1/7/1991
1570,Gabbi Leist,Female,9/1/1976
1571,Goraud Crone,Male,11/7/1977
1572,Jess Djurkovic,Female,12/27/1976
1573,Hilliary Warder,Female,4/24/1989
1574,Claudian Lorand,Male,10/31/1968
1575,Staffard Belchambers,Male,2/19/1973
1576,Dom Radbourne,Male,9/14/1965
1577,Ulberto Eglin,Male,11/15/1986
1578,Giff Stockton,Male,6/5/1984
1579,Lorin Terrell,Male,3/11/1984
1580,Reggi Waldram,Female,4/5/1975
1581,Lianna Kimberley,Female,3/10/1976
1582,Mohammed Cicco,Male,5/8/1965
1583,Howey Charville,Male,3/13/1989
1584,Rafa Skydall,Female,7/17/1991
1585,Marlow Gillmor,Male,3/27/1977
1586,Lewiss Haggleton,Male,12/26/1987
1587,Grannie Ostler,Male,9/12/1974
1588,Jude Havenhand,Male,1/6/1972
1589,Tedie Wedgbrow,Male,1/3/1990
1590,Sabra Titchard,Female,7/13/1972
1591,Ninnette Poulsom,Female,1/24/1981
1592,Granthem Ivanichev,Male,5/18/1965
1593,Ignace Strike,Male,4/26/1985
1594,Tamiko Ankrett,Female,5/31/1983
1595,Jose Pettican,Male,12/5/1971
1596,Sonia Tann,Female,5/17/1974
1597,Quintina Dufall,Female,10/25/1966
1598,Christiano Pearle,Male,3/16/1983
1599,Roberto Lecordier,Male,12/14/1975
1600,Fletcher Hengoed,Male,3/19/1991
1601,Bennie Manjot,Male,6/3/1975
1602,Bordy Hazeldene,Male,4/23/1985
1603,Tove Baughen,Female,1/26/1977
1604,Philippa Heckney,Female,3/5/1976
1605,Dedie McGarrity,Female,9/10/1966
1606,Quintin McCaig,Male,2/22/1967
1607,Krishnah Abbes,Male,8/12/1974
1608,Simeon Levick,Male,9/25/1983
1609,Gussi Kynan,Female,3/31/1978
1610,Hana Vader,Female,3/20/1991
1611,Tades Pauncefoot,Male,1/6/1974
1612,Gawen Jeratt,Male,6/10/1982
1613,Jilleen Genge,Female,2/14/1982
1614,Xerxes Messer,Male,2/28/1974
1615,Steffen Norwell,Male,12/28/1977
1616,Sigmund Quinn,Male,5/13/1965
1617,Danila Chrispin,Female,11/12/1989
1618,Susana Mussilli,Female,10/17/1991
1619,Francesca Krahl,Female,5/5/1969
1620,Clyve Elleray,Male,10/5/1984
1621,Aridatha Swetmore,Female,7/5/1984
1622,Barr Doyle,Male,11/14/1972
1623,Allene Severy,Female,1/29/1970
1624,Hubey Aime,Male,9/16/1989
1625,Milo Mielnik,Male,6/30/1972
1626,Boote Romagnosi,Male,1/24/1978
1627,Isabella Escale,Female,2/9/1974
1628,Martguerita Rummery,Female,6/27/1972
1629,Mattie Roscher,Male,12/13/1974
1630,Annis Inch,Female,4/7/1977
1631,Donnajean Licquorish,Female,9/26/1981
1632,Almira Wolfendale,Female,11/21/1989
1633,Alanah Larkin,Female,7/22/1981
1634,Tandi Langham,Female,5/19/1976
1635,Rolph Dyte,Male,11/2/1971
1636,Avrit Penn,Female,7/18/1971
1637,Cyndia Rossbrook,Female,4/6/1967
1638,Antoine Frichley,Male,2/12/1966
1639,Eartha Czaja,Female,12/24/1979
1640,Forbes Maybury,Male,4/15/1965
1641,Carine Mutton,Female,9/8/1978
1642,Antony Heliar,Male,7/13/1969
1643,Neel Nuzzi,Male,12/20/1986
1644,Ulrich Goch,Male,2/6/1968
1645,Ciro Crosthwaite,Male,1/25/1972
1646,Tamma Comley,Female,11/12/1974
1647,Jemie Mithun,Female,4/14/1979
1648,Robbie Grisewood,Male,7/23/1977
1649,Alvinia Furneaux,Female,12/15/1990
1650,Ansley Bullier,Female,8/11/1985
1651,Mickie Andrick,Male,6/4/1990
1652,Broderick Skippings,Male,6/28/1983
1653,Jephthah Dalgetty,Male,1/20/1991
1654,Lewes Nanuccioi,Male,12/6/1988
1655,Ninnette Cattlow,Female,2/20/1968
1656,Liana Longhorne,Female,3/30/1977
1657,Pierette Hendrik,Female,1/15/1967
1658,Jasun Savatier,Male,7/4/1989
1659,Sunny Ferronel,Female,5/27/1968
1660,Saundra Wombwell,Female,1/30/1974
1661,Dorisa Kerswell,Female,11/15/1969
1662,Willie Torr,Female,8/9/1978
1663,Gilligan Sturrock,Female,3/8/1973
1664,Felita Gernier,Female,8/8/1971
1665,Koenraad Hanks,Male,6/9/1973
1666,Emmalyn Hartness,Female,12/4/1978
1667,Hersh Gonnely,Male,4/17/1990
1668,Pia Szymanowski,Female,1/9/1977
1669,Man Aggis,Male,10/2/1982
1670,Carce Wogden,Male,4/5/1990
1671,Monica Vedyashkin,Female,1/3/1976
1672,Pearce Crudgington,Male,12/22/1989
1673,Fritz Statefield,Male,8/1/1974
1674,Ellerey Avrashin,Male,6/7/1967
1675,Cris Pfaffe,Male,1/30/1981
1676,Hercules MacRanald,Male,8/25/1990
1677,Randy Manvell,Female,3/21/1981
1678,Tammy Graben,Male,8/13/1980
1679,Petr Droghan,Male,8/8/1990
1680,Leodora Lecount,Female,1/2/1969
1681,Baudoin Blakeley,Male,9/8/1977
1682,Min Hurton,Female,4/21/1990
1683,Gusella Gatcliff,Female,4/4/1987
1684,Toby Florio,Female,7/20/1974
1685,Aimee Wincer,Female,5/28/1982
1686,Shirl Chrystal,Female,10/22/1985
1687,Abbe Cheavin,Male,7/24/1965
1688,Gregg Bashford,Male,11/29/1971
1689,Catherina Enocksson,Female,11/5/1967
1690,Dale Jorczyk,Female,9/20/1978
1691,Edlin Gealle,Male,8/6/1977
1692,Barnaby Coan,Male,8/1/1983
1693,Marlyn Craisford,Female,11/11/1967
1694,Ax Bascomb,Male,10/26/1975
1695,Earle Entres,Male,1/11/1982
1696,Payton Reinhardt,Male,7/11/1991
1697,Etheline Horrigan,Female,10/22/1991
1698,Janaye Pledge,Female,1/18/1968
1699,Michele Kennerknecht,Female,8/9/1985
1700,Ursulina Krimmer,Female,7/14/1984
1701,Angeline Minster,Female,9/2/1968
1702,Flossy Goggey,Female,4/27/1978
1703,Marcelo Slisby,Male,7/29/1979
1704,Stevie Minthorpe,Male,12/12/1989
1705,Davine Bambrough,Female,3/19/1988
1706,Aluino Cardno,Male,8/21/1983
1707,Dorree Slite,Female,9/9/1988
1708,Andy Hayter,Female,5/8/1966
1709,Gunther Keningley,Male,7/21/1971
1710,Harli Hailwood,Female,6/17/1982
1711,Valina Krale,Female,6/17/1971
1712,Nolana Jorczyk,Female,3/19/1991
1713,Pearl Bouts,Female,12/13/1984
1714,Maddie Renyard,Male,12/5/1965
1715,Hana Cuttell,Female,10/3/1981
1716,Neville Gumbrell,Male,4/7/1985
1717,Tobye Pettendrich,Female,3/17/1970
1718,Grazia MacCorley,Female,6/4/1973
1719,Porty Bristoe,Male,4/28/1977
1720,Nicolea Mallall,Female,5/10/1980
1721,Amelie Saffrin,Female,9/8/1990
1722,Randell Neal,Male,9/27/1981
1723,Arv Grellis,Male,9/2/1981
1724,Tania Colvill,Female,5/21/1986
1725,Jessika Domengue,Female,3/29/1969
1726,Zonda Korn,Female,12/14/1975
1727,Malory Winterson,Female,5/8/1976
1728,Ezmeralda Asipenko,Female,12/27/1969
1729,Eldridge Kirtland,Male,8/13/1973
1730,Mindy Murfill,Female,6/17/1991
1731,Winn Owers,Male,4/25/1980
1732,Lin Leband,Female,7/31/1986
1733,Amata Youthed,Female,2/10/1977
1734,Bobina Crees,Female,10/1/1971
1735,Tom Sondon,Male,2/28/1979
1736,Gardener Creeboe,Male,3/7/1991
1737,Hagan Duce,Male,8/7/1983
1738,Janith Browne,Female,7/31/1974
1739,Ferdinande Frow,Female,9/10/1978
1740,Laurie Ternent,Male,10/27/1990
1741,Kizzie Whitehair,Female,12/31/1970
1742,Lamond Cabrara,Male,6/16/1984
1743,Wadsworth Axton,Male,6/8/1982
1744,Aloin Saxby,Male,4/29/1984
1745,Wilbur Jakubovics,Male,4/17/1988
1746,Luisa Clee,Female,4/30/1980
1747,Leodora Ferroni,Female,8/27/1975
1748,Maribel Russon,Female,9/6/1989
1749,Kurtis Anderson,Male,1/8/1980
1750,Goran Treeby,Male,4/4/1972
1751,See Cadreman,Male,11/13/1972
1752,Valenka Sprionghall,Female,6/13/1974
1753,Arron Betje,Male,1/30/1981
1754,Dex Bener,Male,4/5/1976
1755,Bendite de Najera,Female,12/24/1975
1756,Cliff Orrett,Male,10/1/1979
1757,Fulton Standbrooke,Male,8/18/1981
1758,Giulio Wildbore,Male,10/14/1975
1759,Burl Slamaker,Male,7/25/1989
1760,Kissiah Palumbo,Female,10/4/1990
1761,Shina Boome,Female,4/12/1982
1762,Meggy Bilborough,Female,2/21/1991
1763,Gabbie Bradtke,Male,3/13/1989
1764,Maryjane Wight,Female,7/12/1977
1765,Morgen Philipot,Female,1/7/1979
1766,Pierson Geerdts,Male,7/13/1989
1767,Lona Dryden,Female,12/18/1982
1768,Wendeline Zoephel,Female,12/22/1967
1769,Derry Dowley,Male,6/16/1991
1770,Yoko Leverich,Female,10/14/1984
1771,Al De Lisle,Male,9/13/1980
1772,Nial Weston,Male,6/12/1969
1773,Ainslie Tapply,Female,5/9/1985
1774,Farris Malham,Male,1/9/1968
1775,Christi Mc-Kerley,Female,9/6/1968
1776,Simeon McLernon,Male,6/24/1983
1777,Hayward Screeton,Male,2/21/1970
1778,Bryon Snoad,Male,4/17/1979
1779,Salvidor Sawford,Male,9/3/1982
1780,Carl McCarry,Male,2/8/1979
1781,Noll Wooding,Male,11/23/1972
1782,Ericha Nasey,Female,10/25/1988
1783,Bink Hambling,Male,2/28/1970
1784,Pansy Cuthbert,Female,5/23/1981
1785,Idalina Junes,Female,9/4/1967
1786,Lita Neave,Female,1/14/1975
1787,Terrell Craik,Male,3/20/1991
1788,Robbie Witter,Female,5/10/1967
1789,Kaitlin Coules,Female,12/28/1985
1790,Becki Gorvin,Female,8/13/1986
1791,Filberto Iacovozzo,Male,10/22/1968
1792,Max Arnoud,Male,5/29/1965
1793,Letty Buesnel,Female,12/8/1984
1794,Debra McLugaish,Female,1/7/1970
1795,Margalit Gerkens,Female,9/30/1977
1796,Sheff Bruckental,Male,1/17/1970
1797,Lavena Monroe,Female,10/27/1989
1798,Axe Girogetti,Male,4/14/1975
1799,Tatum Schust,Female,3/17/1988
1800,Ailee Hundy,Female,1/15/1982
1801,Bernarr O'Dowd,Male,7/20/1975
1802,Jack Gonnet,Male,12/4/1990
1803,Colet Blowick,Male,4/17/1979
1804,Corby McConnell,Male,2/11/1985
1805,Aldin Nind,Male,2/1/1982
1806,Mariana Popescu,Female,5/3/1976
1807,Letty Padefield,Female,4/30/1988
1808,Barrie Barbosa,Male,7/14/1980
1809,Odette Seyffert,Female,8/24/1973
1810,Kipp Cahen,Female,6/1/1965
1811,Alvera Tuftin,Female,7/20/1989
1812,Linoel Hevey,Male,10/20/1978
1813,Michail Gosland,Male,7/29/1972
1814,Alanson Mays,Male,9/23/1982
1815,Burtie Morritt,Male,3/15/1973
1816,Barri Doppler,Male,1/24/1966
1817,Klaus Giannazzi,Male,9/30/1971
1818,Riley Harraway,Male,9/5/1988
1819,Kesley Lavalle,Female,7/24/1972
1820,Lindsey Nadin,Male,5/18/1965
1821,Sharron Lawdham,Female,12/3/1965
1822,Adora Tomas,Female,4/5/1984
1823,Anni Bernaldo,Female,8/20/1984
1824,Bernardina Brodway,Female,2/6/1992
1825,Stanleigh Pinnick,Male,1/21/1977
1826,Rabi Baxstar,Male,12/4/1973
1827,Pincus Ellesmere,Male,2/14/1971
1828,Felike Oliveto,Male,1/9/1967
1829,Dane Shanklin,Male,7/15/1980
1830,Isaak Jurn,Male,1/10/1980
1831,Arch Erwin,Male,3/29/1965
1832,Sebastien Hayers,Male,12/24/1979
1833,Emma Dunster,Female,3/30/1979
1834,Maurizio Ayers,Male,1/21/1983
1835,Madelyn Van De Cappelle,Female,3/25/1990
1836,Connor Shiel,Male,3/17/1989
1837,Lyssa Fawson,Female,1/11/1972
1838,Townie Kohn,Male,12/23/1969
1839,Elton Surman,Male,8/28/1990
1840,Rosalynd Grishelyov,Female,9/23/1985
1841,Oralia Jeffcock,Female,9/5/1984
1842,Isis Cobson,Female,6/29/1967
1843,Belicia Fruser,Female,10/7/1982
1844,Carolin Gisbourn,Female,11/6/1978
1845,Patty Banbrook,Male,3/1/1989
1846,Amara Whitelaw,Female,8/5/1982
1847,Aryn Mattisson,Female,12/28/1974
1848,Mickey Whooley,Male,10/25/1990
1849,Addi Coppo,Female,8/12/1989
1850,Mercedes Chucks,Female,4/21/1983
1851,Kynthia Heiss,Female,6/4/1985
1852,Flore Eakly,Female,4/21/1974
1853,Thomasin Wingham,Female,3/16/1966
1854,Milena Cavanagh,Female,12/27/1991
1855,Reece Kummerlowe,Male,7/21/1972
1856,Sigismundo Lensch,Male,12/10/1966
1857,Denys Fromant,Male,10/9/1967
1858,Babara Landell,Female,9/29/1983
1859,Whitby Basterfield,Male,6/18/1972
1860,Fremont Harriagn,Male,5/13/1978
1861,Celine Seivertsen,Female,12/18/1980
1862,Godiva Barneville,Female,11/28/1967
1863,Verene Kobel,Female,5/27/1976
1864,Bradan Huggens,Male,9/28/1971
1865,Barnaby Pittson,Male,1/27/1990
1866,Brinna Leasor,Female,1/13/1972
1867,Jacki Vallance,Female,2/20/1983
1868,Justus Semper,Male,12/25/1985
1869,Micky Tapner,Female,1/28/1976
1870,Magnum Meddows,Male,10/8/1979
1871,Maximilian Sexcey,Male,6/20/1981
1872,Britt MacKissack,Male,8/29/1988
1873,Barnaby Poacher,Male,5/11/1971
1874,Nerty Pappin,Female,11/4/1968
1875,Pierce Sulland,Male,8/12/1986
1876,Robbert Venneur,Male,2/3/1972
1877,Brynn Humberston,Female,4/8/1984
1878,Wynny Crangle,Female,7/27/1971
1879,Lee Adacot,Female,3/16/1992
1880,Cary Longfellow,Female,2/27/1966
1881,Papageno Dunbavin,Male,1/15/1975
1882,Boyce Oliff,Male,5/15/1979
1883,Zoe Coatman,Female,10/11/1988
1884,Tammara Cudmore,Female,8/11/1972
1885,Andreas Andrichuk,Male,5/19/1968
1886,Reinhold Wharfe,Male,6/28/1965
1887,Noam Colmore,Male,12/3/1968
1888,Mira Livzey,Female,1/28/1983
1889,Silvano Twinn,Male,9/30/1966
1890,Noach Elvy,Male,10/9/1985
1891,Yancy Balma,Male,4/26/1973
1892,Kalila Pratty,Female,6/19/1977
1893,Clarinda Drever,Female,1/19/1971
1894,Egor Redferne,Male,2/28/1972
1895,Griz Cornilli,Male,10/3/1982
1896,Elihu Gatcliff,Male,12/2/1989
1897,Lorenza Lambrick,Female,12/28/1978
1898,Jacob Ruddlesden,Male,8/15/1988
1899,Davina Casin,Female,6/24/1989
1900,Carmelia Girton,Female,11/30/1987
1901,Dacey Carvilla,Female,3/9/1982
1902,Garry Hunter,Male,2/22/1979
1903,Rey Roelofs,Female,3/7/1978
1904,Alysia Marsters,Female,10/6/1968
1905,Roby Majury,Female,3/4/1976
1906,Antonino Croucher,Male,9/14/1970
1907,Cammy Lidgertwood,Female,4/19/1969
1908,Glyn Baldrey,Female,3/27/1977
1909,Malia Kenwrick,Female,11/2/1976
1910,Janean Haster,Female,6/10/1988
1911,Nelli Hanby,Female,4/6/1973
1912,Marlin Brayshay,Male,9/22/1970
1913,Gunilla Beekman,Female,12/8/1972
1914,Shelley Girone,Male,7/1/1971
1915,Lora Linnard,Female,7/1/1973
1916,Helyn Killough,Female,10/11/1988
1917,Cristiano Hubbard,Male,8/28/1974
1918,Ag Jenk,Female,12/12/1984
1919,Wynny Tunesi,Female,1/31/1982
1920,Pammy Retter,Female,11/6/1988
1921,Shelagh Bowlas,Female,10/7/1975
1922,Giraud Karslake,Male,5/1/1970
1923,Viola Mccaull,Female,9/1/1991
1924,Reinold Rydzynski,Male,7/18/1967
1925,Kirstin De la Yglesia,Female,8/2/1983
1926,Fredrick Clemmey,Male,3/31/1981
1927,Austen Reece,Male,2/2/1992
1928,Nicol Spiers,Male,5/7/1990
1929,Timoteo Peer,Male,3/9/1984
1930,Ailina Reddings,Female,5/22/1983
1931,Merrile Brok,Female,2/27/1973
1932,Ignatius Clink,Male,6/24/1978
1933,Alard Holdforth,Male,5/24/1973
1934,Liane Cossington,Female,11/6/1984
1935,Rafaela Mascall,Female,1/27/1985
1936,Travis Jakubovsky,Male,3/6/1976
1937,Corinna Stife,Female,11/7/1966
1938,Reggis Chill,Male,6/20/1973
1939,Dar Hyatt,Male,10/16/1981
1940,Sayres Delafont,Male,11/26/1979
1941,Rhonda Westmerland,Female,6/19/1988
1942,Karlotta Scurlock,Female,5/17/1976
1943,Maurits Oland,Male,6/28/1981
1944,Gwenora Todman,Female,12/29/1988
1945,Griff Deaves,Male,9/11/1981
1946,Angil Stigger,Female,9/19/1986
1947,Danila Barwell,Female,10/9/1968
1948,Jemima Cuvley,Female,7/17/1973
1949,Guntar Standley,Male,11/14/1986
1950,Lefty Husher,Male,5/13/1965
1951,Modestia Criag,Female,4/4/1978
1952,Culver Durward,Male,7/14/1985
1953,Opalina Plinck,Female,4/25/1970
1954,Bunni Epps,Female,11/17/1989
1955,Neel McFarlan,Male,8/22/1965
1956,Danica Blasi,Female,9/14/1983
1957,Tallie Chrismas,Male,2/3/1967
1958,Antonino Yaus,Male,7/16/1980
1959,Miner Bartoleyn,Male,2/9/1972
1960,Karon McElroy,Female,4/6/1966
1961,Alikee Landa,Female,7/9/1978
1962,Morrie Hyrons,Male,4/26/1987
1963,Kirby Cosens,Female,8/20/1968
1964,Annadiane Peschka,Female,9/12/1986
1965,Riordan Woodard,Male,4/1/1989
1966,Diarmid Subhan,Male,11/6/1980
1967,Elicia Belz,Female,1/31/1972
1968,Annora Loftie,Female,10/16/1967
1969,Alyosha Fathers,Male,2/16/1992
1970,Vito Aspey,Male,1/2/1972
1971,Lorne Gahagan,Male,12/25/1982
1972,Sigrid Stodd,Female,11/22/1982
1973,Cass Weldrick,Female,1/19/1976
1974,Trefor Campelli,Male,9/7/1972
1975,Dehlia Eronie,Female,1/29/1977
1976,Madella Kunzelmann,Female,2/25/1969
1977,Esra Pitts,Male,2/2/1984
1978,Montgomery Wyvill,Male,11/7/1983
1979,Gustie Grahame,Female,10/18/1965
1980,Burk A'field,Male,8/2/1984
1981,Abby Padson,Female,4/13/1975
1982,Rollie Howland,Male,6/4/1974
1983,Betsey Rowsell,Female,4/19/1966
1984,Krystle Grugerr,Female,6/17/1983
1985,Kizzie Cake,Female,1/12/1969
1986,Ruttger Slinger,Male,9/27/1968
1987,Dina Pither,Female,3/11/1982
1988,Bengt Bugler,Male,4/5/1967
1989,Antonina Diddams,Female,2/15/1968
1990,Kyrstin Slucock,Female,12/27/1967
1991,Glad Piscopo,Female,9/12/1988
1992,Sidney Mackerel,Male,6/28/1965
1993,Alena Durn,Female,12/24/1981
1994,Caryl Ovitts,Male,4/24/1984
1995,Jarrad Charlin,Male,3/4/1979
1996,Wendeline Logesdale,Female,5/20/1974
1997,Aldus Sirr,Male,6/2/1967
1998,Orv Farlambe,Male,6/8/1970
1999,Sollie Fitkin,Male,3/26/1987
2000,Marybeth Guerre,Female,5/14/1986
2001,Leon Lightbourne,Male,6/27/1991
2002,Demetre Mardoll,Male,12/29/1990
2003,Shaina Ashfield,Female,8/23/1983
2004,Menard Hofer,Male,9/10/1990
2005,Dianne Ondrousek,Female,8/9/1984
2006,Willetta Binner,Female,4/2/1982
2007,Ramsey Northam,Male,3/16/1974
2008,Salaidh Aps,Female,1/18/1968
2009,Jerri Cawtheray,Male,5/5/1975
2010,Ferne Gillino,Female,8/11/1974
2011,Maxim Backwell,Male,4/30/1973
2012,Bartholomeo Pordall,Male,7/8/1988
2013,Danyelle Loverock,Female,7/22/1970
2014,Cristin Towne,Female,7/24/1985
2015,Wendye Liggens,Female,6/30/1970
2016,Alvina Gannon,Female,2/1/1986
2017,Maressa Habishaw,Female,12/20/1979
2018,Erhard Blyde,Male,7/3/1966
2019,Jackson Danilchev,Male,12/6/1966
2020,Townsend Stimson,Male,12/23/1979
2021,Wyndham Alves,Male,9/16/1982
2022,Reinaldos Curuclis,Male,2/10/1979
2023,Malvin Gaynesford,Male,3/1/1976
2024,Candy Cosham,Female,10/10/1975
2025,Lulita Galer,Female,5/20/1987
2026,Corby Piniur,Male,3/8/1988
2027,Virginie Sidney,Female,7/13/1972
2028,Sammie Conway,Male,12/2/1965
2029,Gaby Bouette,Female,3/13/1969
2030,Tomas Offill,Male,11/15/1971
2031,Archy Beazey,Male,5/24/1983
2032,Hort O'Halloran,Male,5/31/1969
2033,Ulrikaumeko Godman,Female,10/3/1991
2034,Kelci Harding,Female,7/16/1980
2035,Lodovico Schimmang,Male,6/11/1970
2036,Kimble Diament,Male,5/28/1982
2037,Phaidra Carlill,Female,8/18/1978
2038,Paolina Venton,Female,7/5/1988
2039,Gerik Hanlon,Male,2/16/1989
2040,Lorette Fetherstonhaugh,Female,7/15/1974
2041,Arliene Kester,Female,2/21/1990
2042,Victor Webby,Male,6/6/1978
2043,Nessa Matthai,Female,2/23/1979
2044,Herve Vedmore,Male,1/16/1973
2045,Bessy Chisnall,Female,5/20/1973
2046,Katha Hudspeth,Female,10/22/1989
2047,Giacomo Madgett,Male,12/2/1979
2048,Laraine D'Andrea,Female,8/21/1985
2049,Stephen Plumridege,Male,12/8/1981
2050,Immanuel Scoggan,Male,8/12/1989
2051,Jaynell Elleray,Female,9/19/1983
2052,Mandy Aspland,Female,1/12/1968
2053,Quint Rizzini,Male,1/27/1979
2054,Chev Pedroli,Male,9/28/1966
2055,Ferne Cheese,Female,5/1/1986
2056,Demetrius Tyt,Male,1/16/1971
2057,Abeu Truswell,Male,7/31/1971
2058,Sileas Marriott,Female,12/30/1985
2059,Hattie Grinyakin,Female,5/6/1977
2060,Kessia Lilley,Female,12/1/1971
2061,Shelagh Sharphurst,Female,6/14/1976
2062,Borg Rodolfi,Male,6/7/1976
2063,Allsun Howson,Female,4/23/1982
2064,Adi Dumingo,Female,8/4/1970
2065,Hermann Vasiljevic,Male,6/6/1980
2066,Oby Gellett,Male,2/10/1974
2067,Herbie Gleaves,Male,9/16/1983
2068,Winny Kenwright,Female,3/29/1991
2069,Gearalt Manes,Male,3/23/1989
2070,Pacorro Spain-Gower,Male,11/20/1970
2071,Borg Harrap,Male,5/22/1976
2072,Osbourne Uzelli,Male,8/30/1979
2073,Aldous Starte,Male,9/22/1981
2074,Agretha Herche,Female,6/6/1965
2075,Nevin Player,Male,12/11/1971
2076,Devlen Doerffer,Male,9/17/1983
2077,Jane Shirley,Female,5/25/1972
2078,Quint Burgon,Male,10/2/1975
2079,Lucita M'Chirrie,Female,5/16/1991
2080,Brodie Spriggin,Male,3/10/1991
2081,Giordano Rosoni,Male,7/12/1972
2082,Russell Dunham,Male,6/20/1968
2083,Dennis Cahillane,Male,10/28/1985
2084,Elysia Bernardo,Female,9/15/1976
2085,Sandye Paice,Female,2/24/1979
2086,Beckie Birts,Female,4/12/1969
2087,Margalo Scroggins,Female,2/4/1992
2088,Leila Accomb,Female,5/26/1977
2089,Findlay Sandwith,Male,5/20/1982
2090,Darleen Delouch,Female,2/6/1969
2091,Genvieve Baxandall,Female,10/9/1987
2092,Patric Lackington,Male,8/17/1988
2093,Hastie McMeekin,Male,3/1/1985
2094,Tiebout Pym,Male,3/16/1976
2095,Toiboid Linggard,Male,8/4/1965
2096,Dorette D'Hooge,Female,11/24/1984
2097,Aveline How,Female,12/10/1974
2098,Mirabella Pardie,Female,8/14/1981
2099,Katherine Whitters,Female,6/25/1976
2100,Berthe Yoseloff,Female,12/4/1972
2101,Rosalia Thuillier,Female,12/13/1969
2102,Thoma Di Claudio,Male,2/28/1969
2103,Peder Manion,Male,11/22/1986
2104,Dorothea Lasslett,Female,2/15/1967
2105,Phylis Kerin,Female,10/21/1972
2106,Job Ferrieres,Male,2/25/1970
2107,Nerta Clerc,Female,12/14/1977
2108,Claudius Gorgl,Male,2/20/1976
2109,Chrissy Maffy,Male,7/15/1973
2110,Ethelbert Byrth,Male,5/28/1978
2111,Andrew Nolda,Male,5/13/1972
2112,Concordia Gritskov,Female,9/19/1990
2113,Giovanni Blackaby,Male,12/3/1985
2114,Matthaeus Britten,Male,4/23/1977
2115,Moshe Seale,Male,6/6/1969
2116,Meghan Parkey,Female,12/4/1981
2117,Giulio Bonafant,Male,4/23/1979
2118,Sasha Aynscombe,Male,6/25/1967
2119,Griswold Fairweather,Male,6/20/1985
2120,Rhys Pennoni,Male,5/1/1975
2121,Robbie Spinney,Female,5/26/1987
2122,Cinnamon Waliszek,Female,9/11/1985
2123,Dorothea Abramchik,Female,6/7/1978
2124,Ardyce McMorland,Female,12/27/1968
2125,Lainey Dumper,Female,1/24/1967
2126,Francois Brik,Male,8/4/1989
2127,Myranda Edington,Female,5/27/1981
2128,Verile Shutt,Female,7/5/1978
2129,Emanuele Fanshawe,Male,7/20/1981
2130,Corena Ropking,Female,6/6/1987
2131,Vick Baggaley,Male,5/12/1976
2132,Nil Cragoe,Male,4/7/1966
2133,Helaine Lain,Female,10/30/1986
2134,Celestyn Tod,Female,9/17/1978
2135,Zebedee Freshwater,Male,9/10/1972
2136,My Mordue,Male,11/24/1986
2137,Breena Moggie,Female,2/20/1978
2138,Milissent Glisenan,Female,1/5/1981
2139,Raina Dring,Female,8/6/1973
2140,Ritchie Landeg,Male,2/11/1969
2141,Jayson Garnsworth,Male,12/15/1974
2142,Lem Hardwin,Male,7/20/1977
2143,Lynnet Werrit,Female,3/29/1986
2144,Thorstein Cisar,Male,3/2/1989
2145,Nicolle Rockhill,Female,1/6/1979
2146,Virgie Ible,Male,9/30/1973
2147,Debera Jennery,Female,6/20/1985
2148,Kerwin Nowaczyk,Male,5/30/1966
2149,Brien Bavridge,Male,1/19/1974
2150,Lauryn Tallant,Female,6/24/1974
2151,Conroy Moxsom,Male,8/6/1967
2152,Oby Craik,Male,10/4/1979
2153,Rolando De Marchi,Male,9/2/1971
2154,Julius Malden,Male,3/22/1977
2155,Brianne Mynard,Female,12/5/1990
2156,Husein Goody,Male,9/21/1967
2157,Augustus Fay,Male,2/5/1972
2158,Armando Glasspool,Male,8/29/1975
2159,Reinaldo Bowdrey,Male,11/17/1976
2160,Selma Zannelli,Female,7/8/1988
2161,Clemmie Llywarch,Female,4/19/1990
2162,Patty Menichino,Male,9/20/1983
2163,Kizzie Tidbury,Female,10/1/1983
2164,Thom Harsent,Male,11/5/1980
2165,Enid Snashall,Female,6/17/1986
2166,Gannie Couche,Male,3/24/1976
2167,Jammie Elmar,Female,9/23/1969
2168,Shane Kunkel,Male,5/31/1978
2169,Ottilie Dufour,Female,4/27/1969
2170,Micky Broske,Female,8/21/1980
2171,Hubie Tasch,Male,8/22/1989
2172,Bell Castelot,Female,9/10/1967
2173,Addy Fullerton,Female,1/2/1983
2174,Andeee Linkin,Female,3/18/1986
2175,Tynan Fishbourne,Male,12/4/1986
2176,Adlai Gooley,Male,8/31/1974
2177,Marina Lackner,Female,7/10/1988
2178,Mellicent Buttwell,Female,1/21/1988
2179,Frasier Gouley,Male,11/29/1975
2180,Ivett Schultz,Female,10/17/1984
2181,Godart Rawsthorn,Male,2/14/1982
2182,Jory Todari,Male,3/20/1989
2183,Munmro Neill,Male,1/25/1983
2184,Jojo Craigheid,Female,10/3/1986
2185,Cookie Wagstaff,Female,10/24/1980
2186,Lillis Tomala,Female,4/21/1972
2187,Shelden Ronca,Male,2/18/1978
2188,Stafani Bosdet,Female,9/7/1989
2189,Nickola Dadswell,Male,8/29/1991
2190,Lauren Andras,Female,2/10/1968
2191,Arvy Bogace,Male,11/20/1970
2192,Harvey Jersch,Male,10/28/1977
2193,Kennan Heliet,Male,8/20/1989
2194,Leticia Dockree,Female,1/30/1981
2195,Tuckie Norville,Male,7/23/1968
2196,Anna Tozer,Female,1/14/1986
2197,Barbaraanne De Meyer,Female,12/20/1978
2198,Johnny Scruton,Male,1/22/1990
2199,Cristobal Rizzello,Male,3/29/1989
2200,Garey Hourican,Male,12/31/1977
2201,Sargent Hanny,Male,2/4/1970
2202,Cindra Clewett,Female,5/2/1983
2203,Gardiner Viste,Male,8/6/1965
2204,Ethe Betteridge,Male,9/18/1974
2205,Talya Kleinmintz,Female,6/19/1991
2206,Diann Braime,Female,9/29/1976
2207,Joli Perkins,Female,4/21/1979
2208,Simona Silbersak,Female,12/17/1966
2209,Alberik Leggin,Male,12/14/1978
2210,Esdras Nutbeam,Male,10/2/1967
2211,Angelico Turle,Male,1/28/1989
2212,Rodie Ducket,Female,8/1/1985
2213,Catie Marmon,Female,11/18/1965
2214,Marjy Borsnall,Female,5/3/1972
2215,Desirae Stukings,Female,7/7/1990
2216,Linda Tivenan,Female,5/19/1982
2217,Vonny Capelen,Female,2/7/1991
2218,Babette Grishaev,Female,10/2/1990
2219,Paco Brittain,Male,12/26/1976
2220,Martie McGarry,Female,4/3/1968
2221,Kris Keasley,Female,3/15/1988
2222,Cally Turn,Female,1/3/1968
2223,Muffin Loeber,Female,7/26/1968
2224,Rickard Gross,Male,6/13/1973
2225,Rosalie Papez,Female,7/5/1966
2226,Jon Bethune,Male,3/29/1991
2227,Antonietta Lammin,Female,8/17/1988
2228,Ahmed Doniso,Male,12/12/1979
2229,Terencio Ovett,Male,7/24/1991
2230,Arlin McKernan,Male,6/6/1990
2231,Sheffield Hanne,Male,1/25/1982
2232,Hallie ducarme,Female,1/16/1975
2233,Lindsey Bachellier,Male,10/10/1976
2234,Alexandra Bedding,Female,11/1/1983
2235,Curtis Farnan,Male,10/3/1984
2236,Fedora Varnes,Female,10/26/1966
2237,Hally Garfoot,Female,2/16/1992
2238,Bayard Carrigan,Male,9/10/1969
2239,Arlene Mursell,Female,8/1/1984
2240,Melosa Mc Combe,Female,2/12/1990
2241,Elisabet Conisbee,Female,9/7/1974
2242,Odell Dade,Male,7/8/1991
2243,Cosimo Romagosa,Male,1/25/1982
2244,Paxton Goodlet,Male,5/1/1991
2245,Goldy Ulyat,Female,3/4/1969
2246,Armando Vaskin,Male,4/4/1988
2247,Corbet Curzon,Male,7/16/1988
2248,Jock Kneafsey,Male,6/8/1991
2249,Hadleigh Ferriman,Male,8/28/1978
2250,Yard Pattison,Male,1/9/1978
2251,Adrianne Le Surf,Female,10/15/1986
2252,Holt Cutler,Male,3/27/1979
2253,Phip Brimicombe,Male,7/10/1969
2254,Dorita Lightewood,Female,10/11/1966
2255,Claude Furze,Female,2/4/1978
2256,Pyotr Philipsohn,Male,10/12/1989
2257,Blake Maddick,Male,8/26/1980
2258,Debra Kornyakov,Female,4/16/1972
2259,Abe Larner,Male,8/11/1971
2260,Mahalia Lebel,Female,6/24/1967
2261,Tamma Ledley,Female,12/17/1985
2262,Tab Masselin,Male,12/27/1983
2263,Margaux Swindon,Female,1/23/1972
2264,Dodi O'Deoran,Female,4/25/1979
2265,Josie Kiellor,Female,6/20/1977
2266,Reggie Chipperfield,Female,6/16/1969
2267,Renaldo Pietruszka,Male,7/23/1987
2268,Sigrid Longhirst,Female,4/21/1966
2269,Adela Butner,Female,12/2/1979
2270,Bronson Kenworthey,Male,5/24/1982
2271,Elvin Geraldo,Male,4/26/1967
2272,Teodora Desaur,Female,10/28/1985
2273,Issiah Boig,Male,5/17/1981
2274,Kellen Bulluck,Female,7/22/1987
2275,Romola Barrus,Female,10/20/1969
2276,Ryan Pillifant,Male,10/18/1977
2277,Petr Maillard,Male,10/14/1974
2278,Nestor Rylatt,Male,4/20/1984
2279,Stanly Longfield,Male,4/8/1986
2280,Land Gorriessen,Male,3/29/1970
2281,Josephine Deason,Female,10/19/1970
2282,Morlee Reoch,Male,12/18/1986
2283,Lotta Strethill,Female,12/30/1982
2284,Gaelan McShirie,Male,2/2/1969
2285,Pippy Boch,Female,2/20/1980
2286,Poul Philp,Male,10/22/1989
2287,Parry Shorland,Male,7/21/1980
2288,Natale Angerstein,Male,5/14/1977
2289,Carolynn Vigers,Female,5/11/1991
2290,Agathe Sondland,Female,6/11/1987
2291,Mordy Leese,Male,10/19/1987
2292,Tome Retchford,Male,4/29/1991
2293,Lynsey Mechem,Female,5/8/1976
2294,Oswell Kintish,Male,6/5/1965
2295,Danyelle Ruggieri,Female,1/23/1981
2296,Jere Sturdgess,Male,7/14/1991
2297,Janeta Mulqueen,Female,4/17/1972
2298,Ardella Madgwich,Female,3/8/1966
2299,Zaneta Rigardeau,Female,8/20/1974
2300,Jdavie Warden,Male,4/9/1988
2301,Crin Rays,Female,10/2/1973
2302,Corbet Eckh,Male,5/12/1979
2303,Iver Nicholls,Male,2/19/1991
2304,Franny Brane,Male,11/29/1968
2305,Joannes Bernaldez,Female,3/25/1971
2306,Philippine Tupper,Female,9/25/1974
2307,Luisa Gherardelli,Female,9/30/1970
2308,Blair Plaskett,Male,10/17/1979
2309,Ashlen Hartright,Female,6/18/1980
2310,Bartholomeo Greatbank,Male,9/16/1988
2311,Danni Elrick,Female,6/8/1986
2312,Helenelizabeth Semarke,Female,9/22/1965
2313,Martelle Grigoryov,Female,2/17/1986
2314,Amery Ricketts,Male,1/16/1985
2315,Ara Tucknott,Male,1/13/1979
2316,Niko Addicott,Male,10/3/1987
2317,Erinn Heersema,Female,12/14/1981
2318,Patric Peterken,Male,6/2/1990
2319,Humbert Pothecary,Male,9/6/1989
2320,Wilburt Gyver,Male,11/30/1983
2321,Shurlock Toombes,Male,5/31/1967
2322,Chrissie Crompton,Female,11/26/1980
2323,Joe Pile,Male,3/21/1991
2324,Alvina Goodsir,Female,6/22/1977
2325,Bayard Crawford,Male,5/23/1986
2326,Kassie Creffeild,Female,12/30/1965
2327,Pennie Marple,Male,8/9/1986
2328,Morie Franzotto,Male,8/28/1990
2329,Christoph Ambrodi,Male,3/7/1985
2330,Othello Decker,Male,5/2/1976
2331,Abra Orbine,Female,11/30/1982
2332,Maddalena Salvatore,Female,8/1/1967
2333,Fran Retallack,Male,6/9/1968
2334,Alvis MacKissack,Male,2/12/1973
2335,Merv Upham,Male,7/15/1972
2336,Dyanna Amorine,Female,5/6/1981
2337,Gratia Yarranton,Female,8/1/1990
2338,Cary Stewart,Male,7/14/1981
2339,Nathan Romanet,Male,1/8/1975
2340,Gaven Stit,Male,5/14/1987
2341,Dion Redshaw,Female,4/14/1965
2342,Arlan Wainer,Male,8/3/1978
2343,Cahra Tumielli,Female,6/26/1976
2344,Harley Iacovo,Female,6/8/1968
2345,Rebeka Honack,Female,3/10/1975
2346,Carolyne Doust,Female,4/12/1981
2347,Craggy Assante,Male,12/9/1973
2348,Nona Refford,Female,3/18/1974
2349,Sheba Treadger,Female,9/13/1972
2350,Dyanna Coleyshaw,Female,4/28/1975
2351,Lanie Heeney,Male,4/20/1986
2352,Chariot Dosdill,Male,8/14/1981
2353,Claire Tregunnah,Male,3/22/1966
2354,Tiffy Drakes,Female,12/16/1976
2355,Spenser Pettipher,Male,4/16/1968
2356,Grantham Baillie,Male,6/29/1980
2357,Marta Dearnaly,Female,3/1/1984
2358,Roscoe Winney,Male,9/12/1991
2359,Roxane Hayller,Female,12/1/1966
2360,Etienne Rocks,Male,12/29/1970
2361,Dyna Jeannin,Female,2/14/1967
2362,Bethany Colhoun,Female,3/11/1975
2363,Ilsa Shaughnessy,Female,2/27/1970
2364,Marianna Ghidoli,Female,2/21/1978
2365,Murielle Lawrie,Female,4/3/1978
2366,Katusha Hammant,Female,10/23/1977
2367,Dusty Radford,Female,6/17/1967
2368,Clari Santacrole,Female,4/10/1971
2369,Riley Pedder,Male,6/25/1980
2370,Zebulen Tomaszewicz,Male,12/8/1974
2371,Boy Leathley,Male,9/26/1983
2372,Evita Petrasso,Female,10/6/1966
2373,Arnoldo Flinn,Male,3/4/1979
2374,Babbette Fife,Female,1/7/1979
2375,Niven Verrills,Male,6/15/1971
2376,Robbyn Linnitt,Female,9/25/1988
2377,Samson Brandin,Male,8/30/1970
2378,Valera Burgoyne,Female,6/17/1967
2379,Gaby Thompson,Female,6/24/1973
2380,Hamnet Slocket,Male,11/5/1971
2381,Benn Norsister,Male,2/15/1988
2382,Morley Tassell,Male,6/22/1983
2383,Nev Nadin,Male,9/27/1965
2384,Octavius Peckett,Male,9/21/1981
2385,Virgina Booi,Female,11/19/1982
2386,Amandy McQuode,Female,4/2/1983
2387,Lorette Hanwright,Female,1/22/1969
2388,Camella Matantsev,Female,5/11/1983
2389,Dacey Wickes,Female,3/1/1988
2390,Cosmo Sussex,Male,9/28/1988
2391,Morton Jann,Male,3/31/1984
2392,Kent Barfield,Male,5/24/1969
2393,Ernaline Applegarth,Female,7/10/1971
2394,Michell Challice,Female,5/15/1990
2395,Kristyn Mitford,Female,1/23/1970
2396,Dwayne Rowatt,Male,9/6/1985
2397,Bev Lassell,Female,1/31/1982
2398,Giuseppe Balden,Male,1/31/1981
2399,Jasen Baalham,Male,11/1/1970
2400,Lynette Gerish,Female,7/28/1972
2401,Arlie Embury,Female,3/10/1987
2402,Ilyssa Gilpillan,Female,1/1/1983
2403,Ermanno Denniss,Male,8/6/1979
2404,Jimmie Blofeld,Male,7/12/1968
2405,Jodi Evitts,Male,11/29/1971
2406,Niel Wane,Male,8/10/1987
2407,Nadine Burnhard,Female,1/21/1981
2408,Rolando Josephoff,Male,7/25/1988
2409,Brody Haggas,Male,9/23/1988
2410,Ursula Cissen,Female,9/19/1987
2411,Sandy Mussington,Female,8/22/1986
2412,Dita Vassel,Female,11/17/1972
2413,Cynthia Craisford,Female,8/26/1973
2414,Merrilee Ernshaw,Female,4/20/1983
2415,Lamar Roscher,Male,9/18/1981
2416,Haywood Laverenz,Male,5/15/1969
2417,Gav McGarel,Male,12/2/1978
2418,Alvie Sainer,Male,8/4/1966
2419,Ilario Frosdick,Male,7/10/1980
2420,Renault Bonn,Male,12/22/1987
2421,Warde Kix,Male,3/22/1975
2422,Valerye Slowan,Female,9/22/1967
2423,Evelyn Goode,Male,4/30/1982
2424,Lynea Tough,Female,10/17/1967
2425,Elga Ivel,Female,7/5/1982
2426,Nick Keysall,Male,1/28/1972
2427,Kristy Blemings,Female,6/25/1983
2428,Norton Kerwen,Male,3/2/1983
2429,Janelle McKune,Female,7/17/1984
2430,Sheff Melmore,Male,4/11/1983
2431,Dare Paule,Male,6/10/1979
2432,Clark Dummigan,Male,12/23/1985
2433,Elmer Gillbard,Male,3/11/1974
2434,Dorey Philson,Female,3/29/1977
2435,Grethel Ferreli,Female,10/9/1988
2436,Cindra Lithcow,Female,9/1/1967
2437,Solomon Cellier,Male,11/17/1980
2438,Ernesta Normavell,Female,5/24/1978
2439,Denice Jevon,Female,1/6/1984
2440,Livvyy Astridge,Female,1/4/1969
2441,Rhona Winders,Female,5/24/1988
2442,Zach O'Geaney,Male,12/10/1981
2443,Tommi Densumbe,Female,9/6/1991
2444,Hedvig Engelbrecht,Female,6/5/1974
2445,Say Bewsey,Male,10/9/1980
2446,Leonardo Metschke,Male,2/17/1969
2447,Arney MacMeeking,Male,9/10/1978
2448,Vitia Crannis,Female,2/4/1985
2449,Gino Kuhwald,Male,12/16/1975
2450,Lyle Reeken,Male,7/25/1965
2451,Alecia Bessent,Female,12/15/1983
2452,Meggi Day,Female,3/17/1979
2453,Elva Traite,Female,8/25/1987
2454,Zita Gawthorp,Female,2/20/1981
2455,Malcolm Needham,Male,12/10/1988
2456,Elizabet Inglesfield,Female,12/10/1987
2457,Tisha Marquis,Female,4/5/1970
2458,Jarred Fishley,Male,11/18/1979
2459,Price Gheorghie,Male,12/26/1991
2460,Rochella Corteis,Female,9/26/1969
2461,Halie Thirkettle,Female,7/4/1978
2462,Lyndsey Robiou,Female,10/8/1984
2463,Gorden Gouinlock,Male,11/13/1970
2464,Major Bradburne,Male,5/16/1976
2465,Tulley Garshore,Male,12/30/1972
2466,Veronika Bromby,Female,6/18/1969
2467,Vivianna Dorber,Female,11/16/1969
2468,Halie Nobes,Female,7/1/1969
2469,Heddi Lees,Female,7/4/1981
2470,Emily Pimlett,Female,7/6/1988
2471,Brigham Deesly,Male,4/30/1970
2472,Conn Pouton,Male,9/26/1965
2473,Clerc Rampton,Male,8/17/1966
2474,Madelon Davidofski,Female,6/20/1983
2475,Kamilah Chidlow,Female,6/27/1969
2476,Petronilla Allicock,Female,9/6/1967
2477,Lynne Wakelam,Female,12/25/1971
2478,Leodora Gaukroger,Female,12/22/1978
2479,Holmes Lazer,Male,3/22/1986
2480,Ealasaid Shalloe,Female,4/23/1988
2481,Byram Redwin,Male,10/26/1985
2482,Tiphanie Kupker,Female,8/31/1972
2483,Jaime Lope,Female,5/27/1975
2484,Tracy Benes,Female,11/21/1975
2485,Nell Bagnell,Female,6/3/1989
2486,Cherye Coppock.,Female,7/2/1970
2487,Leighton Helbeck,Male,8/9/1980
2488,Nathan Affleck,Male,7/26/1990
2489,Hugo Kauschke,Male,11/27/1976
2490,Vivyan Romanet,Female,8/2/1981
2491,Dionis Levine,Female,7/26/1973
2492,Sioux Lillee,Female,1/2/1991
2493,Roslyn Ovens,Female,5/1/1973
2494,Erica Sizland,Female,8/26/1979
2495,Kele Dorling,Male,8/29/1989
2496,Sandy Brotherhead,Male,6/22/1970
2497,Gaspard Arden,Male,1/2/1969
2498,Lon Player,Male,7/20/1981
2499,Christalle Durnford,Female,6/1/1966
2500,Rosy Beckensall,Female,5/8/1980
